-0.01,0.010001,0
-0.0299953,0.0300067,0
-0.0599763,0.0600267,0
-0.0999288,0.100075,0
-0.149834,0.150171,0
-0.209667,0.210338,0
-0.279401,0.280603,0
-0.359,0.361001,0
-0.448428,0.451568,0
-0.547639,0.552347,0
-0.656586,0.663382,0
-0.775216,0.784727,0
-0.903468,0.916434,0
-1.04128,1.05856,0
-1.18858,1.21118,0
-1.3453,1.37435,0
-1.51135,1.54814,0
-1.68664,1.73263,0
-1.8711,1.9279,0
-2.06461,2.13403,0
-2.26708,2.3511,0
-2.4784,2.57921,0
-2.69844,2.81844,0
-2.9271,3.0689,0
-3.16423,3.33067,0
-3.40971,3.60386,0
-3.6634,3.88856,0
-3.92514,4.18489,0
-4.19477,4.49296,0
-4.47215,4.81285,0
-4.7571,5.1447,0
-5.04944,5.4886,0
-5.34899,5.84467,0
-5.65555,6.21301,0
-5.96893,6.59375,0
-6.28893,6.98699,0
-6.61532,7.39284,0
-6.94788,7.81141,0
-7.28639,8.24282,0
-7.63061,8.68716,0
-7.98028,9.14456,0
-8.33516,9.6151,0
-8.69498,10.0989,0
-9.05947,10.596,0
-9.42835,11.1066,0
-9.80133,11.6307,0
-10.1781,12.1685,0
-10.5584,12.7199,0
-10.9419,13.2851,0
-11.3282,13.8642,0
-11.7171,14.4572,0
-12.1082,15.0641,0
-12.5011,15.6851,0
-12.8955,16.3201,0
-13.2911,16.9693,0
-13.6875,17.6325,0
-14.0842,18.3099,0
-14.481,19.0014,0
-14.8773,19.7071,0
-15.273,20.4269,0
-15.6674,21.1608,0
-16.0602,21.9087,0
-16.4511,22.6707,0
-16.8396,23.4465,0
-17.2252,24.2363,0
-17.6076,25.0397,0
-17.9862,25.8569,0
-18.3608,26.6876,0
-18.7308,27.5316,0
-19.0958,28.3889,0
-19.4554,29.2593,0
-19.8091,30.1425,0
-20.1565,31.0384,0
-20.4972,31.9467,0
-20.8308,32.8672,0
-21.1567,33.7996,0
-21.4746,34.7437,0
-21.784,35.6991,0
-22.0846,36.6656,0
-22.376,37.6427,0
-22.6577,38.6302,0
-22.9293,39.6276,0
-23.1905,40.6346,0
-23.4409,41.6507,0
-23.6801,42.6755,0
-23.9079,43.7085,0
-24.1238,44.7493,0
-24.3276,45.7973,0
-24.5189,46.8521,0
-24.6976,47.9131,0
-24.8633,48.9798,0
-25.0158,50.0517,0
-25.155,51.128,0
-25.2805,52.2083,0
-25.3923,53.2919,0
-25.4902,54.3781,0
-25.5741,55.4665,0
-25.644,56.5563,0
-25.6997,57.6468,0
-25.7413,58.7375,0
-25.7687,59.8275,0
-25.7821,60.9163,0
-25.7815,62.0032,0
-25.7669,63.0875,0
-25.7386,64.1685,0
-25.6968,65.2455,0
-25.6416,66.3178,0
-25.5732,67.3849,0
-25.4921,68.4459,0
-25.3985,69.5003,0
-25.2927,70.5474,0
-25.1753,71.5866,0
-25.0466,72.6173,0
-24.907,73.6388,0
-24.7572,74.6507,0
-24.5976,75.6523,0
-24.4288,76.6431,0
-24.2514,77.6228,0
-24.0662,78.5906,0
-23.8736,79.5464,0
-23.6746,80.4896,0
-23.4697,81.4199,0
-23.2598,82.337,0
-23.0455,83.2407,0
-22.8278,84.1306,0
-22.6075,85.0066,0
-22.3853,85.8687,0
-22.1621,86.7166,0
-21.9389,87.5503,0
-21.7163,88.37,0
-21.4954,89.1756,0
-21.277,89.9672,0
-21.062,90.7452,0
-20.8511,91.5096,0
-20.6453,92.2608,0
-20.4454,92.9992,0
-20.2523,93.7251,0
-20.0666,94.4391,0
-19.8893,95.1416,0
-19.7209,95.8332,0
-19.5623,96.5145,0
-19.414,97.1862,0
-19.2768,97.8491,0
-19.1512,98.5038,0
-19.0376,99.1513,0
-18.9367,99.7923,0
-18.8488,100.428,0
-18.7742,101.059,0
-18.7133,101.686,0
-18.6662,102.31,0
-18.6332,102.933,0
-18.6143,103.555,0
-18.6096,104.177,0
-18.6189,104.801,0
-18.6422,105.427,0
-18.6792,106.056,0
-18.7297,106.69,0
-18.7932,107.329,0
-18.8694,107.974,0
-18.9577,108.627,0
-19.0575,109.288,0
-19.1683,109.958,0
-19.2891,110.638,0
-19.4194,111.328,0
-19.5581,112.03,0
-19.7044,112.744,0
-19.8574,113.47,0
-20.0159,114.209,0
-20.1791,114.962,0
-20.3457,115.728,0
-20.5147,116.508,0
-20.6849,117.302,0
-20.8552,118.111,0
-21.0244,118.933,0
-21.1914,119.77,0
-21.3549,120.62,0
-21.5139,121.483,0
-21.6673,122.36,0
-21.814,123.249,0
-21.9528,124.15,0
-22.083,125.062,0
-22.2035,125.984,0
-22.3135,126.916,0
-22.4122,127.856,0
-22.4989,128.804,0
-22.573,129.758,0
-22.6339,130.717,0
-22.6814,131.681,0
-22.7149,132.647,0
-22.7345,133.615,0
-22.7398,134.583,0
-22.7311,135.551,0
-22.7084,136.516,0
-22.672,137.478,0
-22.6223,138.434,0
-22.5598,139.385,0
-22.485,140.329,0
-22.3988,141.265,0
-22.3019,142.191,0
-22.1952,143.107,0
-22.0798,144.012,0
-21.9568,144.905,0
-21.8273,145.785,0
-21.6926,146.653,0
-21.5539,147.506,0
-21.4127,148.346,0
-21.2703,149.172,0
-21.1281,149.983,0
-20.9875,150.781,0
-20.8498,151.565,0
-20.7165,152.335,0
-20.5888,153.092,0
-20.468,153.837,0
-20.3554,154.57,0
-20.2521,155.293,0
-20.1591,156.006,0
-20.0773,156.71,0
-20.0076,157.408,0
-19.9507,158.098,0
-19.9071,158.785,0
-19.8772,159.468,0
-19.8614,160.149,0
-19.8597,160.83,0
-19.8722,161.512,0
-19.8985,162.196,0
-19.9383,162.885,0
-19.9912,163.579,0
-20.0564,164.28,0
-20.1331,164.99,0
-20.2204,165.708,0
-20.3171,166.438,0
-20.4221,167.178,0
-20.5341,167.931,0
-20.6516,168.697,0
-20.7732,169.477,0
-20.8973,170.271,0
-21.0224,171.078,0
-21.1469,171.9,0
-21.2691,172.736,0
-21.3875,173.585,0
-21.5006,174.447,0
-21.607,175.322,0
-21.7051,176.209,0
-21.7939,177.105,0
-21.872,178.012,0
-21.9385,178.926,0
-21.9925,179.847,0
-22.0334,180.773,0
-22.0606,181.703,0
-22.0738,182.635,0
-22.0728,183.566,0
-22.0577,184.497,0
-22.0289,185.424,0
-21.9868,186.347,0
-21.9319,187.263,0
-21.8653,188.172,0
-21.788,189.071,0
-21.701,189.96,0
-21.6059,190.837,0
-21.504,191.702,0
-21.3969,192.554,0
-21.2864,193.392,0
-21.1741,194.216,0
-21.0619,195.026,0
-20.9514,195.822,0
-20.8445,196.604,0
-20.7428,197.373,0
-20.6479,198.13,0
-20.5614,198.875,0
-20.4847,199.61,0
-20.419,200.336,0
-20.3653,201.055,0
-20.3245,201.768,0
-20.2973,202.477,0
-20.284,203.183,0
-20.2848,203.889,0
-20.2998,204.597,0
-20.3285,205.308,0
-20.3704,206.024,0
-20.4247,206.746,0
-20.4904,207.477,0
-20.5664,208.218,0
-20.6512,208.97,0
-20.7432,209.734,0
-20.8408,210.51,0
-20.942,211.301,0
-21.0452,212.106,0
-21.1482,212.924,0
-21.2493,213.757,0
-21.3464,214.603,0
-21.4378,215.463,0
-21.5217,216.334,0
-21.5965,217.216,0
-21.6609,218.108,0
-21.7135,219.007,0
-21.7535,219.913,0
-21.7799,220.823,0
-21.7925,221.735,0
-21.7909,222.648,0
-21.7753,223.56,0
-21.746,224.468,0
-21.7036,225.37,0
-21.6491,226.265,0
-21.5837,227.151,0
-21.5087,228.027,0
-21.4259,228.891,0
-21.3368,229.742,0
-21.2436,230.58,0
-21.1481,231.403,0
-21.0525,232.213,0
-20.9589,233.009,0
-20.8693,233.791,0
-20.7856,234.56,0
-20.7097,235.317,0
-20.6433,236.064,0
-20.5878,236.802,0
-20.5445,237.533,0
-20.5143,238.258,0
-20.4978,238.98,0
-20.4955,239.701,0
-20.5072,240.423,0
-20.5327,241.148,0
-20.5714,241.879,0
-20.6223,242.616,0
-20.6841,243.362,0
-20.7554,244.119,0
-20.8344,244.888,0
-20.9192,245.67,0
-21.0076,246.465,0
-21.0975,247.274,0
-21.1868,248.098,0
-21.2731,248.935,0
-21.3544,249.786,0
-21.4285,250.649,0
-21.4938,251.522,0
-21.5484,252.406,0
-21.5912,253.296,0
-21.6209,254.193,0
-21.637,255.092,0
-21.6389,255.993,0
-21.6268,256.893,0
-21.6009,257.79,0
-21.562,258.681,0
-21.5112,259.564,0
-21.4498,260.438,0
-21.3796,261.301,0
-21.3025,262.151,0
-21.2206,262.989,0
-21.1362,263.812,0
-21.0516,264.621,0
-20.9692,265.416,0
-20.8913,266.198,0
-20.82,266.967,0
-20.7574,267.725,0
-20.7051,268.474,0
-20.6647,269.215,0
-20.6374,269.95,0
-20.6237,270.682,0
-20.6242,271.413,0
-20.6387,272.145,0
-20.6669,272.882,0
-20.7078,273.624,0
-20.7601,274.375,0
-20.8224,275.136,0
-20.8926,275.909,0
-20.9687,276.694,0
-21.0483,277.493,0
-21.1291,278.307,0
-21.2084,279.134,0
-21.2839,279.975,0
-21.3533,280.829,0
-21.4143,281.694,0
-21.4652,282.569,0
-21.5042,283.451,0
-21.5304,284.34,0
-21.5427,285.231,0
-21.5409,286.124,0
-21.5251,287.014,0
-21.4958,287.901,0
-21.4541,288.78,0
-21.4012,289.651,0
-21.3391,290.511,0
-21.2698,291.359,0
-21.1955,292.194,0
-21.1189,293.015,0
-21.0425,293.821,0
-20.9688,294.614,0
-20.9005,295.394,0
-20.8397,296.161,0
-20.7887,296.919,0
-20.749,297.668,0
-20.7221,298.411,0
-20.7089,299.15,0
-20.7098,299.889,0
-20.7248,300.629,0
-20.7532,301.373,0
-20.7941,302.124,0
-20.8459,302.884,0
-20.9068,303.655,0
-20.9745,304.438,0
-21.0466,305.235,0
-21.1204,306.046,0
-21.1932,306.871,0
-21.2624,307.709,0
-21.3253,308.561,0
-21.3797,309.423,0
-21.4236,310.295,0
-21.4553,311.174,0
-21.4736,312.058,0
-21.478,312.944,0
-21.4682,313.829,0
-21.4448,314.711,0
-21.4085,315.586,0
-21.3609,316.453,0
-21.3039,317.31,0
-21.2397,318.154,0
-21.1709,318.986,0
-21.1001,319.803,0
-21.0303,320.606,0
-20.9642,321.395,0
-20.9044,322.171,0
-20.8533,322.937,0
-20.8131,323.693,0
-20.7852,324.443,0
-20.7709,325.188,0
-20.7707,325.933,0
-20.7845,326.678,0
-20.8117,327.428,0
-20.8513,328.185,0
-20.9015,328.952,0
-20.9601,329.729,0
-21.0248,330.52,0
-21.0926,331.324,0
-21.1609,332.142,0
-21.2265,332.974,0
-21.2867,333.82,0
-21.339,334.677,0
-21.381,335.544,0
-21.411,336.418,0
-21.4277,337.297,0
-21.4304,338.178,0
-21.4189,339.057,0
-21.394,339.933,0
-21.3566,340.802,0
-21.3085,341.661,0
-21.2519,342.51,0
-21.1894,343.345,0
-21.1239,344.167,0
-21.0583,344.975,0
-20.9956,345.768,0
-20.9389,346.549,0
-20.8905,347.319,0
-20.8529,348.079,0
-20.8278,348.832,0
-20.8162,349.582,0
-20.8187,350.331,0
-20.8353,351.082,0
-20.8649,351.838,0
-20.9063,352.602,0
-20.9574,353.376,0
-21.0157,354.163,0
-21.0784,354.963,0
-21.1425,355.777,0
-21.2048,356.605,0
-21.2622,357.446,0
-21.312,358.3,0
-21.3517,359.163,0
-21.3794,360.034,0
-21.3937,360.909,0
-21.394,361.785,0
-21.3802,362.66,0
-21.3531,363.531,0
-21.3141,364.393,0
-21.2652,365.246,0
-21.2089,366.086,0
-21.1483,366.913,0
-21.0863,367.726,0
-21.0263,368.525,0
-20.9713,369.31,0
-20.9243,370.084,0
-20.8876,370.849,0
-20.8633,371.606,0
-20.8525,372.359,0
-20.8558,373.112,0
-20.8731,373.867,0
-20.9033,374.628,0
-20.9448,375.397,0
-20.9954,376.177,0
-21.0523,376.97,0
-21.1124,377.776,0
-21.1724,378.597,0
-21.2289,379.432,0
-21.279,380.279,0
-21.3197,381.136,0
-21.349,382.002,0
-21.3651,382.873,0
-21.3673,383.746,0
-21.3553,384.618,0
-21.33,385.486,0
-21.2928,386.345,0
-21.2459,387.195,0
-21.1919,388.032,0
-21.134,388.855,0
-21.0756,389.665,0
-21.02,390.46,0
-20.9704,391.243,0
-20.9299,392.015,0
-20.9007,392.778,0
-20.8845,393.536,0
-20.8824,394.292,0
-20.8943,395.049,0
-20.9195,395.81,0
-20.9566,396.58,0
-21.0032,397.36,0
-21.0566,398.152,0
-21.1135,398.958,0
-21.1704,399.778,0
-21.2239,400.612,0
-21.2707,401.458,0
-21.308,402.315,0
-21.3334,403.179,0
-21.3454,404.048,0
-21.3433,404.919,0
-21.3273,405.786,0
-21.2984,406.648,0
-21.2585,407.502,0
-21.2101,408.343,0
-21.1562,409.172,0
-21.1005,409.987,0
-21.0463,410.788,0
-20.9973,411.575,0
-20.9565,412.351,0
-20.9267,413.118,0
-20.9096,413.879,0
-20.9065,414.638,0
-20.9175,415.397,0
-20.9418,416.162,0
-20.9779,416.934,0
-21.0233,417.717,0
-21.075,418.512,0
-21.1295,419.321,0
-21.1833,420.145,0
-21.2326,420.982,0
-21.2742,421.83,0
-21.3053,422.689,0
-21.3238,423.553,0
-21.3284,424.421,0
-21.3189,425.287,0
-21.296,426.15,0
-21.2613,427.004,0
-21.2171,427.848,0
-21.1667,428.68,0
-21.1135,429.497,0
-21.0613,430.3,0
-21.0138,431.09,0
-20.9742,431.869,0
-20.9454,432.638,0
-20.9295,433.401,0
-20.9275,434.162,0
-20.9396,434.924,0
-20.9649,435.692,0
-21.0015,436.468,0
-21.0468,437.255,0
-21.0974,438.055,0
-21.1498,438.869,0
-21.2,439.697,0
-21.2444,440.538,0
-21.2797,441.39,0
-21.3034,442.25,0
-21.3137,443.115,0
-21.3098,443.98,0
-21.2922,444.842,0
-21.2621,445.697,0
-21.2219,446.543,0
-21.1746,447.376,0
-21.1238,448.196,0
-21.0734,449.002,0
-21.0272,449.794,0
-20.9889,450.574,0
-20.9612,451.345,0
-20.9465,452.11,0
-20.9457,452.873,0
-20.959,453.638,0
-20.9852,454.408,0
-21.0223,455.188,0
-21.0674,455.979,0
-21.1169,456.783,0
-21.167,457.602,0
-21.2135,458.434,0
-21.2529,459.279,0
-21.282,460.133,0
-21.2986,460.994,0
-21.3012,461.857,0
-21.2898,462.719,0
-21.2652,463.576,0
-21.2296,464.424,0
-21.1858,465.26,0
-21.1374,466.083,0
-21.0885,466.892,0
-21.0431,467.687,0
-21.0049,468.47,0
-20.9771,469.244,0
-20.9621,470.011,0
-20.9609,470.776,0
-20.9739,471.542,0
-20.9997,472.315,0
-21.0363,473.096,0
-21.0805,473.89,0
-21.1285,474.697,0
-21.1763,475.518,0
-21.2199,476.353,0
-21.2553,477.199,0
-21.2798,478.055,0
-21.291,478.915,0
-21.2882,479.776,0
-21.2716,480.635,0
-21.2426,481.487,0
-21.2038,482.328,0
-21.1587,483.157,0
-21.1113,483.971,0
-21.0658,484.772,0
-21.0261,485.56,0
-20.9959,486.337,0
-20.9778,487.108,0
-20.9735,487.874,0
-20.9833,488.642,0
-21.0063,489.415,0
-21.0404,490.196,0
-21.0825,490.989,0
-21.1288,491.796,0
-21.1751,492.616,0
-21.217,493.45,0
-21.2509,494.296,0
-21.2735,495.15,0
-21.2828,496.01,0
-21.278,496.869,0
-21.2595,497.725,0
-21.2291,498.574,0
-21.1897,499.411,0
-21.1451,500.236,0
-21.0994,501.046,0
-21.0569,501.842,0
-21.0218,502.627,0
-20.9974,503.402,0
-20.9859,504.171,0
-20.9886,504.94,0
-21.005,505.711,0
-21.0336,506.489,0
-21.0717,507.278,0
-21.1155,508.08,0
-21.1608,508.896,0
-21.2031,509.725,0
-21.2383,510.567,0
-21.263,511.419,0
-21.2747,512.276,0
-21.2724,513.134,0
-21.2562,513.99,0
-21.2279,514.838,0
-21.1902,515.676,0
-21.1471,516.5,0
-21.1028,517.311,0
-21.0618,518.107,0
-21.0283,518.892,0
-21.0057,519.668,0
-20.9962,520.438,0
-21.0009,521.208,0
-21.0191,521.981,0
-21.0492,522.763,0
-21.0878,523.555,0
-21.1311,524.361,0
-21.1746,525.181,0
-21.2137,526.015,0
-21.2444,526.86,0
-21.2635,527.713,0
-21.269,528.57,0
-21.2603,529.426,0
-21.2385,530.277,0
-21.2058,531.119,0
-21.1658,531.949,0
-21.1228,532.766,0
-21.0813,533.568,0
-21.0458,534.357,0
-21.0201,535.136,0
-21.0071,535.909,0
-21.008,536.68,0
-21.0228,537.453,0
-21.0499,538.234,0
-21.0863,539.025,0
-21.128,539.829,0
-21.1704,540.648,0
-21.2089,541.48,0
-21.2393,542.323,0
-21.2581,543.175,0
-21.2633,544.031,0
-21.2545,544.886,0
-21.2325,545.735,0
-21.1999,546.576,0
-21.1604,547.404,0
-21.1185,548.218,0
-21.0789,549.018,0
-21.0461,549.805,0
-21.0239,550.584,0
-21.0147,551.357,0
-21.0197,552.129,0
-21.0382,552.905,0
-21.0681,553.69,0
-21.106,554.486,0
-21.1474,555.296,0
-21.1876,556.121,0
-21.2218,556.958,0
-21.2462,557.805,0
-21.2578,558.658,0
-21.2554,559.513,0
-21.2392,560.364,0
-21.2112,561.208,0
-21.1748,562.04,0
-21.1343,562.859,0
-21.0945,563.664,0
-21.0602,564.455,0
-21.0356,565.236,0
-21.0236,566.011,0
-21.0255,566.784,0
-21.0413,567.561,0
-21.069,568.345,0
-21.1051,569.14,0
-21.1453,569.949,0
-21.1847,570.772,0
-21.2184,571.607,0
-21.2424,572.454,0
-21.2537,573.306,0
-21.2508,574.16,0
-21.2343,575.01,0
-21.2062,575.852,0
-21.17,576.682,0
-21.1303,577.499,0
-21.0921,578.302,0
-21.0602,579.092,0
-21.0387,579.872,0
-21.0301,580.647,0
-21.0357,581.421,0
-21.0548,582.2,0
-21.0848,582.988,0
-21.1219,583.788,0
-21.1614,584.602,0
-21.1982,585.43,0
-21.2276,586.27,0
-21.2457,587.119,0
-21.2503,587.971,0
-21.2408,588.823,0
-21.2185,589.669,0
-21.1863,590.504,0
-21.1484,591.327,0
-21.11,592.135,0
-21.0759,592.93,0
-21.0509,593.714,0
-21.0381,594.492,0
-21.0394,595.267,0
-21.0544,596.045,0
-21.0812,596.83,0
-21.1163,597.628,0
-21.1548,598.439,0
-21.1916,599.264,0
-21.2217,600.102,0
-21.2411,600.948,0
-21.2472,601.8,0
-21.2391,602.651,0
-21.2181,603.496,0
-21.1869,604.332,0
-21.15,605.155,0
-21.1124,605.963,0
-21.0794,606.758,0
-21.0555,607.543,0
-21.044,608.32,0
-21.0466,609.096,0
-21.0629,609.876,0
-21.0905,610.664,0
-21.1257,611.464,0
-21.1634,612.277,0
-21.1984,613.105,0
-21.2256,613.945,0
-21.2414,614.792,0
-21.2434,615.643,0
-21.2314,616.492,0
-21.2072,617.334,0
-21.1742,618.165,0
-21.1372,618.983,0
-21.1016,619.786,0
-21.0726,620.576,0
-21.0543,621.358,0
-21.0494,622.135,0
-21.0586,622.913,0
-21.0806,623.697,0
-21.1122,624.491,0
-21.1486,625.299,0
-21.1846,626.121,0
-21.2148,626.955,0
-21.2348,627.8,0
-21.2417,628.649,0
-21.2345,629.499,0
-21.2142,630.343,0
-21.1839,631.177,0
-21.1483,631.998,0
-21.1127,632.805,0
-21.0824,633.598,0
-21.0621,634.382,0
-21.0548,635.16,0
-21.0617,635.938,0
-21.0816,636.722,0
-21.1116,637.515,0
-21.1471,638.322,0
-21.1825,639.142,0
-21.2126,639.976,0
-21.2326,640.82,0
-21.2394,641.668,0
-21.2322,642.517,0
-21.2119,643.36,0
-21.1819,644.193,0
-21.1468,645.013,0
-21.1122,645.819,0
-21.0834,646.611,0
-21.0651,647.395,0
-21.0602,648.173,0
-21.0693,648.953,0
-21.0911,649.738,0
-21.1221,650.535,0
-21.1574,651.345,0
-21.1913,652.169,0
-21.2183,653.005,0
-21.2343,653.85,0
-21.2366,654.699,0
-21.2249,655.546,0
-21.2011,656.385,0
-21.1691,657.213,0
-21.1342,658.027,0
-21.1021,658.827,0
-21.078,659.616,0
-21.0659,660.397,0
-21.0678,661.176,0
-21.0833,661.958,0
-21.11,662.749,0
-21.1433,663.553,0
-21.1778,664.371,0
-21.2077,665.202,0
-21.2281,666.044,0
-21.2356,666.891,0
-21.2289,667.739,0
-21.2093,668.581,0
-21.18,669.412,0
-21.146,670.23,0
-21.1132,671.035,0
-21.087,671.826,0
-21.072,672.609,0
-21.0708,673.389,0
-21.0834,674.171,0
-21.1079,674.96,0
-21.1399,675.762,0
-21.1739,676.578,0
-21.2042,677.407,0
-21.2254,678.248,0
-21.2339,679.094,0
-21.2283,679.941,0
-21.2096,680.783,0
-21.1811,681.615,0
-21.1478,682.433,0
-21.1155,683.237,0
-21.0901,684.029,0
-21.0759,684.812,0
-21.0756,685.592,0
-21.089,686.375,0
-21.114,687.166,0
-21.1459,687.97,0
-21.1792,688.787,0
-21.2079,689.618,0
-21.2267,690.46,0
-21.2325,691.306,0
-21.2242,692.152,0
-21.2032,692.991,0
-21.1735,693.82,0
-21.1405,694.634,0
-21.1102,695.435,0
-21.0881,696.224,0
-21.0784,697.006,0
-21.0827,697.787,0
-21.1004,698.573,0
-21.128,699.369,0
-21.1607,700.178,0
-21.1922,701.001,0
-21.2168,701.836,0
-21.2299,702.68,0
-21.2291,703.526,0
-21.2146,704.369,0
-21.1892,705.203,0
-21.1576,706.025,0
-21.1258,706.832,0
-21.0999,707.626,0
-21.0847,708.411,0
-21.0832,709.192,0
-21.0956,709.976,0
-21.1196,710.768,0
-21.1505,711.572,0
-21.1826,712.39,0
-21.2096,713.222,0
-21.2264,714.063,0
-21.2297,714.909,0
-21.219,715.752,0
-21.1964,716.589,0
-21.1663,717.413,0
-21.1345,718.224,0
-21.1074,719.02,0
-21.0902,719.807,0
-21.0862,720.589,0
-21.0964,721.373,0
-21.1186,722.164,0
-21.1485,722.966,0
-21.1802,723.783,0
-21.2074,724.613,0
-21.2248,725.453,0
-21.2289,726.298,0
-21.2189,727.142,0
-21.1969,727.978,0
-21.1673,728.803,0
-21.1361,729.613,0
-21.1096,730.41,0
-21.0931,731.197,0
-21.0901,731.979,0
-21.1011,732.763,0
-21.1238,733.555,0
-21.1538,734.36,0
-21.1848,735.178,0
-21.2105,736.01,0
-21.2257,736.851,0
-21.2273,737.695,0
-21.215,738.538,0
-21.1913,739.371,0
-21.1613,740.192,0
-21.1311,740.999,0
-21.1071,741.794,0
-21.0943,742.579,0
-21.0953,743.362,0
-21.11,744.149,0
-21.1352,744.944,0
-21.1657,745.753,0
-21.1951,746.577,0
-21.2172,747.412,0
-21.2273,748.254,0
-21.2233,749.099,0
-21.2061,749.937,0
-21.1794,750.766,0
-21.1489,751.581,0
-21.1213,752.382,0
-21.1024,753.172,0
-21.0963,753.955,0
-21.1043,754.74,0
-21.1248,755.531,0
-21.1532,756.334,0
-21.1834,757.151,0
-21.209,757.981,0
-21.2242,758.821,0
-21.2259,759.664,0
-21.2137,760.506,0
-21.1903,761.338,0
-21.1609,762.158,0
-21.132,762.964,0
-21.11,763.757,0
-21.0998,764.542,0
-21.1037,765.326,0
-21.1207,766.115,0
-21.1472,766.915,0
-21.1772,767.728,0
-21.204,768.555,0
-21.2216,769.393,0
-21.2261,770.236,0
-21.2166,771.078,0
-21.1951,771.912,0
-21.1667,772.734,0
-21.1377,773.542,0
-21.1148,774.337,0
-21.1033,775.123,0
-21.1057,775.908,0
-21.1215,776.696,0
-21.1471,777.495,0
-21.1767,778.308,0
-21.2033,779.134,0
-21.221,779.971,0
-21.2256,780.814,0
-21.2162,781.655,0
-21.1949,782.489,0
-21.1667,783.31,0
-21.1383,784.118,0
-21.1163,784.912,0
-21.1059,785.699,0
-21.1095,786.483,0
-21.1263,787.273,0
-21.1523,788.074,0
-21.1815,788.888,0
-21.2068,789.716,0
-21.2224,790.554,0
-21.2246,791.397,0
-21.2128,792.237,0
-21.1899,793.068,0
-21.1615,793.886,0
-21.1344,794.691,0
-21.1151,795.483,0
-21.1083,796.269,0
-21.1156,797.055,0
-21.1353,797.847,0
-21.1626,798.652,0
-21.1909,799.471,0
-21.2134,800.302,0
-21.2245,801.142,0
-21.2216,801.984,0
-21.2054,802.822,0
-21.18,803.648,0
-21.1517,804.461,0
-21.1274,805.26,0
-21.1132,806.049,0
-21.1125,806.834,0
-21.1257,807.623,0
-21.1494,808.421,0
-21.1777,809.232,0
-21.2035,810.057,0
-21.2205,810.894,0
-21.2244,811.735,0
-21.2143,812.575,0
-21.1927,813.407,0
-21.1652,814.226,0
-21.1386,815.03,0
-21.1199,815.823,0
-21.1137,816.61,0
-21.1217,817.396,0
-21.1417,818.191,0
-21.1688,818.997,0
-21.196,819.817,0
-21.2163,820.65,0
-21.2245,821.491,0
-21.2186,822.332,0
-21.2002,823.166,0
-21.174,823.989,0
-21.1468,824.797,0
-21.1258,825.593,0
-21.1165,826.38,0
-21.1212,827.167,0
-21.1388,827.959,0
-21.1646,828.763,0
-21.192,829.581,0
-21.2137,830.412,0
-21.224,831.251,0
-21.2202,832.092,0
-21.2035,832.927,0
-21.1782,833.751,0
-21.1512,834.561,0
-21.1296,835.358,0
-21.1192,836.147,0
-21.1228,836.933,0
-21.1395,837.725,0
-21.1648,838.529,0
-21.1919,839.346,0
-21.2135,840.176,0
-21.2238,841.015,0
-21.2201,841.856,0
-21.2034,842.691,0
-21.1783,843.514,0
-21.1516,844.324,0
-21.1308,845.12,0
-21.1214,845.909,0
-21.1261,846.696,0
-21.1436,847.489,0
-21.1691,848.294,0
-21.1956,849.113,0
-21.2158,849.944,0
-21.2241,850.783,0
-21.2183,851.623,0
-21.2,852.456,0
-21.1744,853.278,0
-21.1486,854.084,0
-21.1299,854.879,0
-21.1235,855.667,0
-21.1313,856.455,0
-21.1511,857.251,0
-21.1772,858.059,0
-21.2024,858.882,0
-21.2195,859.716,0
-21.2238,860.556,0
-21.214,861.394,0
-21.193,862.223,0
-21.1668,863.04,0
-21.143,863.843,0
-21.1283,864.634,0
-21.127,865.422,0
-21.1396,866.212,0
-21.1623,867.012,0
-21.1887,867.826,0
-21.2111,868.654,0
-21.2231,869.491,0
-21.2212,870.331,0
-21.2061,871.166,0
-21.1821,871.99,0
-21.1563,872.8,0
-21.1364,873.597,0
-21.1281,874.386,0
-21.1339,875.174,0
-21.1522,875.969,0
-21.1775,876.776,0
-21.2024,877.598,0
-21.2195,878.431,0
-21.2238,879.27,0
-21.2141,880.108,0
-21.1933,880.937,0
-21.1676,881.752,0
-21.1448,882.554,0
-21.1317,883.346,0
-21.1323,884.133,0
-21.1464,884.926,0
-21.1698,885.728,0
-21.1954,886.545,0
-21.2155,887.375,0
-21.2241,888.213,0
-21.2185,889.051,0
-21.2006,889.883,0
-21.1758,890.703,0
-21.1517,891.508,0
-21.1358,892.302,0
-21.1329,893.09,0
-21.144,893.881,0
-21.1657,894.681,0
-21.1912,895.495,0
-21.2127,896.322,0
-21.2236,897.159,0
-21.2206,897.998,0
-21.2046,898.831,0
-21.1806,899.652,0
-21.1562,900.46,0
-21.1391,901.255,0
-21.1346,902.044,0
-21.1441,902.834,0
-21.1648,903.633,0
-21.19,904.446,0
-21.2119,905.272,0
-21.2235,906.108,0
-21.2212,906.947,0
-21.2059,907.78,0
-21.1823,908.602,0
-21.1581,909.41,0
-21.141,910.205,0
-21.1366,910.994,0
-21.1462,911.785,0
-21.1668,912.584,0
-21.1918,913.397,0
-21.2131,914.224,0
-21.2239,915.06,0
-21.2207,915.898,0
-21.2047,916.731,0
-21.181,917.552,0
-21.1574,918.358,0
-21.1417,919.153,0
-21.139,919.942,0
-21.1502,920.733,0
-21.1717,921.535,0
-21.1964,922.35,0
-21.2162,923.178,0
-21.2246,924.015,0
-21.2189,924.853,0
-21.201,925.683,0
-21.1769,926.501,0
-21.1546,927.305,0
-21.1417,928.098,0
-21.1424,928.887,0
-21.1565,929.68,0
-21.1793,930.485,0
-21.2032,931.304,0
-21.2202,932.135,0
-21.2245,932.973,0
-21.2149,933.809,0
-21.1945,934.636,0
-21.1703,935.449,0
-21.1506,936.249,0
-21.1421,937.04,0
-21.1478,937.83,0
-21.1656,938.627,0
-21.1896,939.437,0
-21.2115,940.261,0
-21.2238,941.095,0
-21.2224,941.933,0
-21.2078,942.766,0
-21.1851,943.587,0
-21.1621,944.394,0
-21.1469,945.189,0
-21.1448,945.979,0
-21.1565,946.772,0
-21.178,947.575,0
-21.2018,948.392,0
-21.2196,949.221,0
-21.2252,950.058,0
-21.2166,950.894,0
-21.1971,951.721,0
-21.1734,952.535,0
-21.154,953.335,0
-21.1457,954.126,0
-21.1516,954.917,0
-21.1696,955.715,0
-21.1932,956.526,0
-21.2141,957.351,0
-21.2249,958.186,0
-21.2217,959.023,0
-21.2058,959.854,0
-21.1829,960.673,0
-21.1612,961.477,0
-21.1487,962.271,0
-21.1498,963.061,0
-21.1643,963.856,0
-21.1868,964.663,0
-21.2092,965.484,0
-21.2234,966.316,0
-21.2243,967.153,0
-21.2116,967.987,0
-21.19,968.809,0
-21.1674,969.617,0
-21.1522,970.413,0
-21.15,971.204,0
-21.1616,971.997,0
-21.1828,972.801,0
-21.2057,973.619,0
-21.222,974.449,0
-21.2255,975.286,0
-21.2151,976.12,0
-21.1947,976.945,0
-21.1719,977.755,0
-21.1553,978.553,0
-21.1511,979.344,0
-21.161,980.137,0
-21.1812,980.939,0
-21.2042,981.755,0
-21.2213,982.585,0
-21.2261,983.421,0
-21.2169,984.255,0
-21.1971,985.081,0
-21.1744,985.892,0
-21.1574,986.69,0
-21.1527,987.482,0
-21.162,988.274,0
-21.1818,989.077,0
-21.2046,989.893,0
-21.2216,990.722,0
-21.2264,991.558,0
-21.2171,992.392,0
-21.1974,993.217,0
-21.1749,994.028,0
-21.1585,994.826,0
-21.1544,995.617,0
-21.1644,996.411,0
-21.1845,997.214,0
-21.207,998.031,0
-21.223,998.861,0
-21.2264,999.697,0
-21.2158,1000.53,0
-21.1955,1001.35,0
-21.1736,1002.16,0
-21.1586,1002.96,0
-21.1566,1003.75,0
-21.1684,1004.55,0
-21.1893,1005.35,0
-21.2111,1006.17,0
-21.225,1007,0
-21.2257,1007.84,0
-21.2129,1008.67,0
-21.1917,1009.49,0
-21.1707,1010.3,0
-21.1584,1011.09,0
-21.1598,1011.88,0
-21.1742,1012.68,0
-21.196,1013.49,0
-21.2163,1014.31,0
-21.227,1015.14,0
-21.2237,1015.98,0
-21.2079,1016.81,0
-21.186,1017.63,0
-21.1671,1018.43,0
-nan,-nan,-nan
-nan,-nan,-nan
-nan,-nan,-nan
-nan,-nan,-nan
-nan,-nan,-nan
-nan,-nan,-nan
-nan,-nan,-nan
-nan,-nan,-nan
-nan,-nan,-nan
-nan,-nan,-nan
-nan,-nan,-nan
-nan,-nan,-nan
-nan,-nan,-nan
-nan,-nan,-nan
-nan,-nan,-nan
-nan,-nan,-nan
-nan,-nan,-nan
-nan,-nan,-nan
-nan,-nan,-nan
-nan,-nan,-nan
-nan,-nan,-nan
-nan,-nan,-nan
-nan,-nan,-nan
-nan,-nan,-nan
-nan,-nan,-nan
-nan,-nan,-nan
-nan,-nan,-nan
-nan,-nan,-nan
-nan,-nan,-nan
-nan,-nan,-nan
-nan,-nan,-nan
-nan,-nan,-nan
-nan,-nan,-nan
-nan,-nan,-nan
-nan,-nan,-nan
-nan,-nan,-nan
-nan,-nan,-nan
-nan,-nan,-nan
-nan,-nan,-nan
-nan,-nan,-nan
-nan,-nan,-nan
-nan,-nan,-nan
-nan,-nan,-nan
-nan,-nan,-nan
-nan,-nan,-nan
-nan,-nan,-nan
-nan,-nan,-nan
-nan,-nan,-nan
-nan,-nan,-nan
-nan,-nan,-nan
-nan,-nan,-nan
-nan,-nan,-nan
-nan,-nan,-nan
-nan,-nan,-nan
-nan,-nan,-nan
-nan,-nan,-nan
-nan,-nan,-nan
-nan,-nan,-nan
-nan,-nan,-nan
-nan,-nan,-nan
-nan,-nan,-nan
-nan,-nan,-nan
-nan,-nan,-nan
-nan,-nan,-nan
-nan,-nan,-nan
-nan,-nan,-nan
-nan,-nan,-nan
-nan,-nan,-nan
-nan,-nan,-nan
-nan,-nan,-nan
-nan,-nan,-nan
-nan,-nan,-nan
-nan,-nan,-nan
-nan,-nan,-nan
-nan,-nan,-nan
-nan,-nan,-nan
-nan,-nan,-nan
-nan,-nan,-nan
-nan,-nan,-nan
-nan,-nan,-nan
-nan,-nan,-nan
-nan,-nan,-nan
-nan,-nan,-nan
-nan,-nan,-nan
-nan,-nan,-nan
-nan,-nan,-nan
-nan,-nan,-nan
-nan,-nan,-nan
-nan,-nan,-nan
-nan,-nan,-nan
-nan,-nan,-nan
-nan,-nan,-nan
-nan,-nan,-nan
-nan,-nan,-nan
-nan,-nan,-nan
-nan,-nan,-nan
-nan,-nan,-nan
-nan,-nan,-nan
-nan,-nan,-nan
-nan,-nan,-nan
-nan,-nan,-nan
-nan,-nan,-nan
-nan,-nan,-nan
-nan,-nan,-nan
-nan,-nan,-nan
-nan,-nan,-nan
-nan,-nan,-nan
-nan,-nan,-nan
-nan,-nan,-nan
-nan,-nan,-nan
-nan,-nan,-nan
-nan,-nan,-nan
-nan,-nan,-nan
-nan,-nan,-nan
-nan,-nan,-nan
-nan,-nan,-nan
-nan,-nan,-nan
-nan,-nan,-nan
-nan,-nan,-nan
-nan,-nan,-nan
-nan,-nan,-nan
-nan,-nan,-nan
-nan,-nan,-nan
-nan,-nan,-nan
-nan,-nan,-nan
-nan,-nan,-nan
-nan,-nan,-nan
-nan,-nan,-nan
-nan,-nan,-nan
-nan,-nan,-nan
-nan,-nan,-nan
-nan,-nan,-nan
-nan,-nan,-nan
-nan,-nan,-nan
-nan,-nan,-nan
-nan,-nan,-nan
-nan,-nan,-nan
-nan,-nan,-nan
-nan,-nan,-nan
-nan,-nan,-nan
-nan,-nan,-nan
-nan,-nan,-nan
-nan,-nan,-nan
-nan,-nan,-nan
-nan,-nan,-nan
-nan,-nan,-nan
-nan,-nan,-nan
-nan,-nan,-nan
-nan,-nan,-nan
-nan,-nan,-nan
-nan,-nan,-nan
-nan,-nan,-nan
-nan,-nan,-nan
-nan,-nan,-nan
-nan,-nan,-nan
-nan,-nan,-nan
-nan,-nan,-nan
-nan,-nan,-nan
-nan,-nan,-nan
-nan,-nan,-nan
-nan,-nan,-nan
-nan,-nan,-nan
-nan,-nan,-nan
-nan,-nan,-nan
-nan,-nan,-nan
-nan,-nan,-nan
-nan,-nan,-nan
-nan,-nan,-nan
-nan,-nan,-nan
-nan,-nan,-nan
-nan,-nan,-nan
-nan,-nan,-nan
-nan,-nan,-nan
-nan,-nan,-nan
-nan,-nan,-nan
-nan,-nan,-nan
-nan,-nan,-nan
-nan,-nan,-nan
-nan,-nan,-nan
-nan,-nan,-nan
-nan,-nan,-nan
-nan,-nan,-nan
-nan,-nan,-nan
-nan,-nan,-nan
-nan,-nan,-nan
-nan,-nan,-nan
-nan,-nan,-nan
-nan,-nan,-nan
-nan,-nan,-nan
-nan,-nan,-nan
-nan,-nan,-nan
-nan,-nan,-nan
-nan,-nan,-nan
-nan,-nan,-nan
-nan,-nan,-nan
-nan,-nan,-nan
-nan,-nan,-nan
-nan,-nan,-nan
-nan,-nan,-nan
-nan,-nan,-nan
-nan,-nan,-nan
-nan,-nan,-nan
-nan,-nan,-nan
-nan,-nan,-nan
-nan,-nan,-nan
-nan,-nan,-nan
-nan,-nan,-nan
-nan,-nan,-nan
-nan,-nan,-nan
-nan,-nan,-nan
-nan,-nan,-nan
-nan,-nan,-nan
-nan,-nan,-nan
-nan,-nan,-nan
-nan,-nan,-nan
-nan,-nan,-nan
-nan,-nan,-nan
-nan,-nan,-nan
-nan,-nan,-nan
-nan,-nan,-nan
-nan,-nan,-nan
-nan,-nan,-nan
-nan,-nan,-nan
-nan,-nan,-nan
-nan,-nan,-nan
-nan,-nan,-nan
-nan,-nan,-nan
-nan,-nan,-nan
-nan,-nan,-nan
-nan,-nan,-nan
-nan,-nan,-nan
-nan,-nan,-nan
-nan,-nan,-nan
-nan,-nan,-nan
-nan,-nan,-nan
-nan,-nan,-nan
-nan,-nan,-nan
-nan,-nan,-nan
-nan,-nan,-nan
-nan,-nan,-nan
-nan,-nan,-nan
-nan,-nan,-nan
-nan,-nan,-nan
-nan,-nan,-nan
-nan,-nan,-nan
-nan,-nan,-nan
-nan,-nan,-nan
-nan,-nan,-nan
-nan,-nan,-nan
-nan,-nan,-nan
-nan,-nan,-nan
-nan,-nan,-nan
-nan,-nan,-nan
-nan,-nan,-nan
-nan,-nan,-nan
-nan,-nan,-nan
-nan,-nan,-nan
-nan,-nan,-nan
-nan,-nan,-nan
-nan,-nan,-nan
-nan,-nan,-nan
-nan,-nan,-nan
-nan,-nan,-nan
-nan,-nan,-nan
-nan,-nan,-nan
-nan,-nan,-nan
-nan,-nan,-nan
-nan,-nan,-nan
-nan,-nan,-nan
-nan,-nan,-nan
-nan,-nan,-nan
-nan,-nan,-nan
-nan,-nan,-nan
-nan,-nan,-nan
-nan,-nan,-nan
-nan,-nan,-nan
-nan,-nan,-nan
-nan,-nan,-nan
-nan,-nan,-nan
-nan,-nan,-nan
-nan,-nan,-nan
-nan,-nan,-nan
-nan,-nan,-nan
-nan,-nan,-nan
-nan,-nan,-nan
-nan,-nan,-nan
-nan,-nan,-nan
-nan,-nan,-nan
-nan,-nan,-nan
-nan,-nan,-nan
-nan,-nan,-nan
-nan,-nan,-nan
-nan,-nan,-nan
-nan,-nan,-nan
-nan,-nan,-nan
-nan,-nan,-nan
-nan,-nan,-nan
-nan,-nan,-nan
-nan,-nan,-nan
-nan,-nan,-nan
-nan,-nan,-nan
-nan,-nan,-nan
-nan,-nan,-nan
-nan,-nan,-nan
-nan,-nan,-nan
-nan,-nan,-nan
-nan,-nan,-nan
-nan,-nan,-nan
-nan,-nan,-nan
-nan,-nan,-nan
-nan,-nan,-nan
-nan,-nan,-nan
-nan,-nan,-nan
-nan,-nan,-nan
-nan,-nan,-nan
-nan,-nan,-nan
-nan,-nan,-nan
-nan,-nan,-nan
-nan,-nan,-nan
-nan,-nan,-nan
-nan,-nan,-nan
-nan,-nan,-nan
-nan,-nan,-nan
-nan,-nan,-nan
-nan,-nan,-nan
-nan,-nan,-nan
-nan,-nan,-nan
-nan,-nan,-nan
-nan,-nan,-nan
-nan,-nan,-nan
-nan,-nan,-nan
-nan,-nan,-nan
-nan,-nan,-nan
-nan,-nan,-nan
-nan,-nan,-nan
-nan,-nan,-nan
-nan,-nan,-nan
-nan,-nan,-nan
-nan,-nan,-nan
-nan,-nan,-nan
-nan,-nan,-nan
-nan,-nan,-nan
-nan,-nan,-nan
-nan,-nan,-nan
-nan,-nan,-nan
-nan,-nan,-nan
-nan,-nan,-nan
-nan,-nan,-nan
-nan,-nan,-nan
-nan,-nan,-nan
-nan,-nan,-nan
-nan,-nan,-nan
-nan,-nan,-nan
-nan,-nan,-nan
-nan,-nan,-nan
-nan,-nan,-nan
-nan,-nan,-nan
-nan,-nan,-nan
-nan,-nan,-nan
-nan,-nan,-nan
-nan,-nan,-nan
-nan,-nan,-nan
-nan,-nan,-nan
-nan,-nan,-nan
-nan,-nan,-nan
-nan,-nan,-nan
-nan,-nan,-nan
-nan,-nan,-nan
-nan,-nan,-nan
-nan,-nan,-nan
-nan,-nan,-nan
-nan,-nan,-nan
-nan,-nan,-nan
-nan,-nan,-nan
-nan,-nan,-nan
-nan,-nan,-nan
-nan,-nan,-nan
-nan,-nan,-nan
-nan,-nan,-nan
-nan,-nan,-nan
-nan,-nan,-nan
-nan,-nan,-nan
-nan,-nan,-nan
-nan,-nan,-nan
-nan,-nan,-nan
-nan,-nan,-nan
-nan,-nan,-nan
-nan,-nan,-nan
-nan,-nan,-nan
-nan,-nan,-nan
-nan,-nan,-nan
-nan,-nan,-nan
-nan,-nan,-nan
-nan,-nan,-nan
-nan,-nan,-nan
-nan,-nan,-nan
-nan,-nan,-nan
-nan,-nan,-nan
-nan,-nan,-nan
-nan,-nan,-nan
-nan,-nan,-nan
-nan,-nan,-nan
-nan,-nan,-nan
-nan,-nan,-nan
-nan,-nan,-nan
-nan,-nan,-nan
-nan,-nan,-nan
-nan,-nan,-nan
-nan,-nan,-nan
-nan,-nan,-nan
-nan,-nan,-nan
-nan,-nan,-nan
-nan,-nan,-nan
-nan,-nan,-nan
-nan,-nan,-nan
-nan,-nan,-nan
-nan,-nan,-nan
-nan,-nan,-nan
-nan,-nan,-nan
-nan,-nan,-nan
-nan,-nan,-nan
-nan,-nan,-nan
-nan,-nan,-nan
-nan,-nan,-nan
-nan,-nan,-nan
-nan,-nan,-nan
-nan,-nan,-nan
-nan,-nan,-nan
-nan,-nan,-nan
-nan,-nan,-nan
-nan,-nan,-nan
-nan,-nan,-nan
-nan,-nan,-nan
-nan,-nan,-nan
-nan,-nan,-nan
-nan,-nan,-nan
-nan,-nan,-nan
-nan,-nan,-nan
-nan,-nan,-nan
-nan,-nan,-nan
-nan,-nan,-nan
-nan,-nan,-nan
-nan,-nan,-nan
-nan,-nan,-nan
-nan,-nan,-nan
-nan,-nan,-nan
-nan,-nan,-nan
-nan,-nan,-nan
-nan,-nan,-nan
-nan,-nan,-nan
-nan,-nan,-nan
-nan,-nan,-nan
-nan,-nan,-nan
-nan,-nan,-nan
-nan,-nan,-nan
-nan,-nan,-nan
-nan,-nan,-nan
-nan,-nan,-nan
-nan,-nan,-nan
-nan,-nan,-nan
-nan,-nan,-nan
-nan,-nan,-nan
-nan,-nan,-nan
-nan,-nan,-nan
-nan,-nan,-nan
-nan,-nan,-nan
-nan,-nan,-nan
-nan,-nan,-nan
-nan,-nan,-nan
-nan,-nan,-nan
-nan,-nan,-nan
-nan,-nan,-nan
-nan,-nan,-nan
-nan,-nan,-nan
-nan,-nan,-nan
-nan,-nan,-nan
-nan,-nan,-nan
-nan,-nan,-nan
-nan,-nan,-nan
-nan,-nan,-nan
-nan,-nan,-nan
-nan,-nan,-nan
-nan,-nan,-nan
-nan,-nan,-nan
-nan,-nan,-nan
-nan,-nan,-nan
-nan,-nan,-nan
-nan,-nan,-nan
-nan,-nan,-nan
-nan,-nan,-nan
-nan,-nan,-nan
-nan,-nan,-nan
-nan,-nan,-nan
-nan,-nan,-nan
-nan,-nan,-nan
-nan,-nan,-nan
-nan,-nan,-nan
-nan,-nan,-nan
-nan,-nan,-nan
-nan,-nan,-nan
-nan,-nan,-nan
-nan,-nan,-nan
-nan,-nan,-nan
-nan,-nan,-nan
-nan,-nan,-nan
-nan,-nan,-nan
-nan,-nan,-nan
-nan,-nan,-nan
-nan,-nan,-nan
-nan,-nan,-nan
-nan,-nan,-nan
-nan,-nan,-nan
-nan,-nan,-nan
-nan,-nan,-nan
-nan,-nan,-nan
-nan,-nan,-nan
-nan,-nan,-nan
-nan,-nan,-nan
-nan,-nan,-nan
-nan,-nan,-nan
-nan,-nan,-nan
-nan,-nan,-nan
-nan,-nan,-nan
