0,0,0.0010472
0,0,0.0020944
0,0,0.00314159
0,0,0.00418879
0,0,0.00523599
0,0,0.00628319
0,0,0.00733038
0,0,0.00837758
0,0,0.00942478
0,0,0.010472
0,0,0.0115192
0,0,0.0125664
0,0,0.0136136
0,0,0.0146608
0,0,0.015708
0,0,0.0167552
0,0,0.0178024
0,0,0.0188496
0,0,0.0198968
0,0,0.020944
0,0,0.0219911
0,0,0.0230383
0,0,0.0240855
0,0,0.0251327
0,0,0.0261799
0,0,0.0272271
0,0,0.0282743
0,0,0.0293215
0,0,0.0303687
0,0,0.0314159
0,0,0.0324631
0,0,0.0335103
0,0,0.0345575
0,0,0.0356047
0,0,0.0366519
0,0,0.0376991
0,0,0.0387463
0,0,0.0397935
0,0,0.0408407
0,0,0.0418879
0,0,0.0429351
0,0,0.0439823
0,0,0.0450295
0,0,0.0460767
0,0,0.0471239
0,0,0.0481711
0,0,0.0492183
0,0,0.0502655
0,0,0.0513127
0,0,0.0523599
0,0,0.0534071
0,0,0.0544543
0,0,0.0555015
0,0,0.0565487
0,0,0.0575959
0,0,0.0586431
0,0,0.0596903
0,0,0.0607375
0,0,0.0617847
0,0,0.0628319
0,0,0.063879
0,0,0.0649262
0,0,0.0659734
0,0,0.0670206
0,0,0.0680678
0,0,0.069115
0,0,0.0701622
0,0,0.0712094
0,0,0.0722566
0,0,0.0733038
0,0,0.074351
0,0,0.0753982
0,0,0.0764454
0,0,0.0774926
0,0,0.0785398
0,0,0.079587
0,0,0.0806342
0,0,0.0816814
0,0,0.0827286
0,0,0.0837758
0,0,0.084823
0,0,0.0858702
0,0,0.0869174
0,0,0.0879646
0,0,0.0890118
0,0,0.090059
0,0,0.0911062
0,0,0.0921534
0,0,0.0932006
0,0,0.0942478
0,0,0.095295
0,0,0.0963422
0,0,0.0973894
0,0,0.0984366
0,0,0.0994838
0,0,0.100531
0,0,0.101578
0,0,0.102625
0,0,0.103673
0,0,0.10472
0,0,0.105767
0,0,0.106814
0,0,0.107861
0,0,0.108909
0,0,0.109956
0,0,0.111003
0,0,0.11205
0,0,0.113097
0,0,0.114145
0,0,0.115192
0,0,0.116239
0,0,0.117286
0,0,0.118333
0,0,0.119381
0,0,0.120428
0,0,0.121475
0,0,0.122522
0,0,0.123569
0,0,0.124617
0,0,0.125664
0,0,0.126711
0,0,0.127758
0,0,0.128805
0,0,0.129852
0,0,0.1309
0,0,0.131947
0,0,0.132994
0,0,0.134041
0,0,0.135088
0,0,0.136136
0,0,0.137183
0,0,0.13823
0,0,0.139277
0,0,0.140324
0,0,0.141372
0,0,0.142419
0,0,0.143466
0,0,0.144513
0,0,0.14556
0,0,0.146608
0,0,0.147655
0,0,0.148702
0,0,0.149749
0,0,0.150796
0,0,0.151844
0,0,0.152891
0,0,0.153938
0,0,0.154985
0,0,0.156032
0,0,0.15708
0,0,0.158127
0,0,0.159174
0,0,0.160221
0,0,0.161268
0,0,0.162316
0,0,0.163363
0,0,0.16441
0,0,0.165457
0,0,0.166504
0,0,0.167552
0,0,0.168599
0,0,0.169646
0,0,0.170693
0,0,0.17174
0,0,0.172788
0,0,0.173835
0,0,0.174882
0,0,0.175929
0,0,0.176976
0,0,0.178024
0,0,0.179071
0,0,0.180118
0,0,0.181165
0,0,0.182212
0,0,0.18326
0,0,0.184307
0,0,0.185354
0,0,0.186401
0,0,0.187448
0,0,0.188496
0,0,0.189543
0,0,0.19059
0,0,0.191637
0,0,0.192684
0,0,0.193732
0,0,0.194779
0,0,0.195826
0,0,0.196873
0,0,0.19792
0,0,0.198968
0,0,0.200015
0,0,0.201062
0,0,0.202109
0,0,0.203156
0,0,0.204204
0,0,0.205251
0,0,0.206298
0,0,0.207345
0,0,0.208392
0,0,0.20944
0,0,0.210487
0,0,0.211534
0,0,0.212581
0,0,0.213628
0,0,0.214675
0,0,0.215723
0,0,0.21677
0,0,0.217817
0,0,0.218864
0,0,0.219911
0,0,0.220959
0,0,0.222006
0,0,0.223053
0,0,0.2241
0,0,0.225147
0,0,0.226195
0,0,0.227242
0,0,0.228289
0,0,0.229336
0,0,0.230383
0,0,0.231431
0,0,0.232478
0,0,0.233525
0,0,0.234572
0,0,0.235619
0,0,0.236667
0,0,0.237714
0,0,0.238761
0,0,0.239808
0,0,0.240855
0,0,0.241903
0,0,0.24295
0,0,0.243997
0,0,0.245044
0,0,0.246091
0,0,0.247139
0,0,0.248186
0,0,0.249233
0,0,0.25028
0,0,0.251327
0,0,0.252375
0,0,0.253422
0,0,0.254469
0,0,0.255516
0,0,0.256563
0,0,0.257611
0,0,0.258658
0,0,0.259705
0,0,0.260752
0,0,0.261799
0,0,0.262847
0,0,0.263894
0,0,0.264941
0,0,0.265988
0,0,0.267035
0,0,0.268083
0,0,0.26913
0,0,0.270177
0,0,0.271224
0,0,0.272271
0,0,0.273319
0,0,0.274366
0,0,0.275413
0,0,0.27646
0,0,0.277507
0,0,0.278555
0,0,0.279602
0,0,0.280649
0,0,0.281696
0,0,0.282743
0,0,0.283791
0,0,0.284838
0,0,0.285885
0,0,0.286932
0,0,0.287979
0,0,0.289027
0,0,0.290074
0,0,0.291121
0,0,0.292168
0,0,0.293215
0,0,0.294263
0,0,0.29531
0,0,0.296357
0,0,0.297404
0,0,0.298451
0,0,0.299498
0,0,0.300546
0,0,0.301593
0,0,0.30264
0,0,0.303687
0,0,0.304734
0,0,0.305782
0,0,0.306829
0,0,0.307876
0,0,0.308923
0,0,0.30997
0,0,0.311018
0,0,0.312065
0,0,0.313112
0,0,0.314159
0,0,0.315206
0,0,0.316254
0,0,0.317301
0,0,0.318348
0,0,0.319395
0,0,0.320442
0,0,0.32149
0,0,0.322537
0,0,0.323584
0,0,0.324631
0,0,0.325678
0,0,0.326726
0,0,0.327773
0,0,0.32882
0,0,0.329867
0,0,0.330914
0,0,0.331962
0,0,0.333009
0,0,0.334056
0,0,0.335103
0,0,0.33615
0,0,0.337198
0,0,0.338245
0,0,0.339292
0,0,0.340339
0,0,0.341386
0,0,0.342434
0,0,0.343481
0,0,0.344528
0,0,0.345575
0,0,0.346622
0,0,0.34767
0,0,0.348717
0,0,0.349764
0,0,0.350811
0,0,0.351858
0,0,0.352906
0,0,0.353953
0,0,0.355
0,0,0.356047
0,0,0.357094
0,0,0.358142
0,0,0.359189
0,0,0.360236
0,0,0.361283
0,0,0.36233
0,0,0.363378
0,0,0.364425
0,0,0.365472
0,0,0.366519
0,0,0.367566
0,0,0.368614
0,0,0.369661
0,0,0.370708
0,0,0.371755
0,0,0.372802
0,0,0.37385
0,0,0.374897
0,0,0.375944
0,0,0.376991
0,0,0.378038
0,0,0.379086
0,0,0.380133
0,0,0.38118
0,0,0.382227
0,0,0.383274
0,0,0.384321
0,0,0.385369
0,0,0.386416
0,0,0.387463
0,0,0.38851
0,0,0.389557
0,0,0.390605
0,0,0.391652
0,0,0.392699
0,0,0.393746
0,0,0.394793
0,0,0.395841
0,0,0.396888
0,0,0.397935
0,0,0.398982
0,0,0.400029
0,0,0.401077
0,0,0.402124
0,0,0.403171
0,0,0.404218
0,0,0.405265
0,0,0.406313
0,0,0.40736
0,0,0.408407
0,0,0.409454
0,0,0.410501
0,0,0.411549
0,0,0.412596
0,0,0.413643
0,0,0.41469
0,0,0.415737
0,0,0.416785
0,0,0.417832
0,0,0.418879
0,0,0.419926
0,0,0.420973
0,0,0.422021
0,0,0.423068
0,0,0.424115
0,0,0.425162
0,0,0.426209
0,0,0.427257
0,0,0.428304
0,0,0.429351
0,0,0.430398
0,0,0.431445
0,0,0.432493
0,0,0.43354
0,0,0.434587
0,0,0.435634
0,0,0.436681
0,0,0.437729
0,0,0.438776
0,0,0.439823
0,0,0.44087
0,0,0.441917
0,0,0.442965
0,0,0.444012
0,0,0.445059
0,0,0.446106
0,0,0.447153
0,0,0.448201
0,0,0.449248
0,0,0.450295
0,0,0.451342
0,0,0.452389
0,0,0.453437
0,0,0.454484
0,0,0.455531
0,0,0.456578
0,0,0.457625
0,0,0.458673
0,0,0.45972
0,0,0.460767
0,0,0.461814
0,0,0.462861
0,0,0.463909
0,0,0.464956
0,0,0.466003
0,0,0.46705
0,0,0.468097
0,0,0.469144
0,0,0.470192
0,0,0.471239
0,0,0.472286
0,0,0.473333
0,0,0.47438
0,0,0.475428
0,0,0.476475
0,0,0.477522
0,0,0.478569
0,0,0.479616
0,0,0.480664
0,0,0.481711
0,0,0.482758
0,0,0.483805
0,0,0.484852
0,0,0.4859
0,0,0.486947
0,0,0.487994
0,0,0.489041
0,0,0.490088
0,0,0.491136
0,0,0.492183
0,0,0.49323
0,0,0.494277
0,0,0.495324
0,0,0.496372
0,0,0.497419
0,0,0.498466
0,0,0.499513
0,0,0.50056
0,0,0.501608
0,0,0.502655
0,0,0.503702
0,0,0.504749
0,0,0.505796
0,0,0.506844
0,0,0.507891
0,0,0.508938
0,0,0.509985
0,0,0.511032
0,0,0.51208
0,0,0.513127
0,0,0.514174
0,0,0.515221
0,0,0.516268
0,0,0.517316
0,0,0.518363
0,0,0.51941
0,0,0.520457
0,0,0.521504
0,0,0.522552
0,0,0.523599
0,0,0.524646
0,0,0.525693
0,0,0.52674
0,0,0.527788
0,0,0.528835
0,0,0.529882
0,0,0.530929
0,0,0.531976
0,0,0.533024
0,0,0.534071
0,0,0.535118
0,0,0.536165
0,0,0.537212
0,0,0.53826
0,0,0.539307
0,0,0.540354
0,0,0.541401
0,0,0.542448
0,0,0.543496
0,0,0.544543
0,0,0.54559
0,0,0.546637
0,0,0.547684
0,0,0.548732
0,0,0.549779
0,0,0.550826
0,0,0.551873
0,0,0.55292
0,0,0.553967
0,0,0.555015
0,0,0.556062
0,0,0.557109
0,0,0.558156
0,0,0.559203
0,0,0.560251
0,0,0.561298
0,0,0.562345
0,0,0.563392
0,0,0.564439
0,0,0.565487
0,0,0.566534
0,0,0.567581
0,0,0.568628
0,0,0.569675
0,0,0.570723
0,0,0.57177
0,0,0.572817
0,0,0.573864
0,0,0.574911
0,0,0.575959
0,0,0.577006
0,0,0.578053
0,0,0.5791
0,0,0.580147
0,0,0.581195
0,0,0.582242
0,0,0.583289
0,0,0.584336
0,0,0.585383
0,0,0.586431
0,0,0.587478
0,0,0.588525
0,0,0.589572
0,0,0.590619
0,0,0.591667
0,0,0.592714
0,0,0.593761
0,0,0.594808
0,0,0.595855
0,0,0.596903
0,0,0.59795
0,0,0.598997
0,0,0.600044
0,0,0.601091
0,0,0.602139
0,0,0.603186
0,0,0.604233
0,0,0.60528
0,0,0.606327
0,0,0.607375
0,0,0.608422
0,0,0.609469
0,0,0.610516
0,0,0.611563
0,0,0.612611
0,0,0.613658
0,0,0.614705
0,0,0.615752
0,0,0.616799
0,0,0.617847
0,0,0.618894
0,0,0.619941
0,0,0.620988
0,0,0.622035
0,0,0.623083
0,0,0.62413
0,0,0.625177
0,0,0.626224
0,0,0.627271
0,0,0.628319
0,0,0.629366
0,0,0.630413
0,0,0.63146
0,0,0.632507
0,0,0.633555
0,0,0.634602
0,0,0.635649
0,0,0.636696
0,0,0.637743
0,0,0.63879
0,0,0.639838
0,0,0.640885
0,0,0.641932
0,0,0.642979
0,0,0.644026
0,0,0.645074
0,0,0.646121
0,0,0.647168
0,0,0.648215
0,0,0.649262
0,0,0.65031
0,0,0.651357
0,0,0.652404
0,0,0.653451
0,0,0.654498
0,0,0.655546
0,0,0.656593
0,0,0.65764
0,0,0.658687
0,0,0.659734
0,0,0.660782
0,0,0.661829
0,0,0.662876
0,0,0.663923
0,0,0.66497
0,0,0.666018
0,0,0.667065
0,0,0.668112
0,0,0.669159
0,0,0.670206
0,0,0.671254
0,0,0.672301
0,0,0.673348
0,0,0.674395
0,0,0.675442
0,0,0.67649
0,0,0.677537
0,0,0.678584
0,0,0.679631
0,0,0.680678
0,0,0.681726
0,0,0.682773
0,0,0.68382
0,0,0.684867
0,0,0.685914
0,0,0.686962
0,0,0.688009
0,0,0.689056
0,0,0.690103
0,0,0.69115
0,0,0.692198
0,0,0.693245
0,0,0.694292
0,0,0.695339
0,0,0.696386
0,0,0.697434
0,0,0.698481
0,0,0.699528
0,0,0.700575
0,0,0.701622
0,0,0.70267
0,0,0.703717
0,0,0.704764
0,0,0.705811
0,0,0.706858
0,0,0.707906
0,0,0.708953
0,0,0.71
0,0,0.711047
0,0,0.712094
0,0,0.713142
0,0,0.714189
0,0,0.715236
0,0,0.716283
0,0,0.71733
0,0,0.718378
0,0,0.719425
0,0,0.720472
0,0,0.721519
0,0,0.722566
0,0,0.723613
0,0,0.724661
0,0,0.725708
0,0,0.726755
0,0,0.727802
0,0,0.728849
0,0,0.729897
0,0,0.730944
0,0,0.731991
0,0,0.733038
0,0,0.734085
0,0,0.735133
0,0,0.73618
0,0,0.737227
0,0,0.738274
0,0,0.739321
0,0,0.740369
0,0,0.741416
0,0,0.742463
0,0,0.74351
0,0,0.744557
0,0,0.745605
0,0,0.746652
0,0,0.747699
0,0,0.748746
0,0,0.749793
0,0,0.750841
0,0,0.751888
0,0,0.752935
0,0,0.753982
0,0,0.755029
0,0,0.756077
0,0,0.757124
0,0,0.758171
0,0,0.759218
0,0,0.760265
0,0,0.761313
0,0,0.76236
0,0,0.763407
0,0,0.764454
0,0,0.765501
0,0,0.766549
0,0,0.767596
0,0,0.768643
0,0,0.76969
0,0,0.770737
0,0,0.771785
0,0,0.772832
0,0,0.773879
0,0,0.774926
0,0,0.775973
0,0,0.777021
0,0,0.778068
0,0,0.779115
0,0,0.780162
0,0,0.781209
0,0,0.782257
0,0,0.783304
0,0,0.784351
0,0,0.785398
0,0,0.786445
0,0,0.787493
0,0,0.78854
0,0,0.789587
0,0,0.790634
0,0,0.791681
0,0,0.792729
0,0,0.793776
0,0,0.794823
0,0,0.79587
0,0,0.796917
0,0,0.797965
0,0,0.799012
0,0,0.800059
0,0,0.801106
0,0,0.802153
0,0,0.803201
0,0,0.804248
0,0,0.805295
0,0,0.806342
0,0,0.807389
0,0,0.808436
0,0,0.809484
0,0,0.810531
0,0,0.811578
0,0,0.812625
0,0,0.813672
0,0,0.81472
0,0,0.815767
0,0,0.816814
0,0,0.817861
0,0,0.818908
0,0,0.819956
0,0,0.821003
0,0,0.82205
0,0,0.823097
0,0,0.824144
0,0,0.825192
0,0,0.826239
0,0,0.827286
0,0,0.828333
0,0,0.82938
0,0,0.830428
0,0,0.831475
0,0,0.832522
0,0,0.833569
0,0,0.834616
0,0,0.835664
0,0,0.836711
0,0,0.837758
0,0,0.838805
0,0,0.839852
0,0,0.8409
0,0,0.841947
0,0,0.842994
0,0,0.844041
0,0,0.845088
0,0,0.846136
0,0,0.847183
0,0,0.84823
0,0,0.849277
0,0,0.850324
0,0,0.851372
0,0,0.852419
0,0,0.853466
0,0,0.854513
0,0,0.85556
0,0,0.856608
0,0,0.857655
0,0,0.858702
0,0,0.859749
0,0,0.860796
0,0,0.861844
0,0,0.862891
0,0,0.863938
0,0,0.864985
0,0,0.866032
0,0,0.86708
0,0,0.868127
0,0,0.869174
0,0,0.870221
0,0,0.871268
0,0,0.872316
0,0,0.873363
0,0,0.87441
0,0,0.875457
0,0,0.876504
0,0,0.877552
0,0,0.878599
0,0,0.879646
0,0,0.880693
0,0,0.88174
0,0,0.882788
0,0,0.883835
0,0,0.884882
0,0,0.885929
0,0,0.886976
0,0,0.888024
0,0,0.889071
0,0,0.890118
0,0,0.891165
0,0,0.892212
0,0,0.89326
0,0,0.894307
0,0,0.895354
0,0,0.896401
0,0,0.897448
0,0,0.898495
0,0,0.899543
0,0,0.90059
0,0,0.901637
0,0,0.902684
0,0,0.903731
0,0,0.904779
0,0,0.905826
0,0,0.906873
0,0,0.90792
0,0,0.908967
0,0,0.910015
0,0,0.911062
0,0,0.912109
0,0,0.913156
0,0,0.914203
0,0,0.915251
0,0,0.916298
0,0,0.917345
0,0,0.918392
0,0,0.919439
0,0,0.920487
0,0,0.921534
0,0,0.922581
0,0,0.923628
0,0,0.924675
0,0,0.925723
0,0,0.92677
0,0,0.927817
0,0,0.928864
0,0,0.929911
0,0,0.930959
0,0,0.932006
0,0,0.933053
0,0,0.9341
0,0,0.935147
0,0,0.936195
0,0,0.937242
0,0,0.938289
0,0,0.939336
0,0,0.940383
0,0,0.941431
0,0,0.942478
0,0,0.943525
0,0,0.944572
0,0,0.945619
0,0,0.946667
0,0,0.947714
0,0,0.948761
0,0,0.949808
0,0,0.950855
0,0,0.951903
0,0,0.95295
0,0,0.953997
0,0,0.955044
0,0,0.956091
0,0,0.957139
0,0,0.958186
0,0,0.959233
0,0,0.96028
0,0,0.961327
0,0,0.962375
0,0,0.963422
0,0,0.964469
0,0,0.965516
0,0,0.966563
0,0,0.967611
0,0,0.968658
0,0,0.969705
0,0,0.970752
0,0,0.971799
0,0,0.972847
0,0,0.973894
0,0,0.974941
0,0,0.975988
0,0,0.977035
0,0,0.978083
0,0,0.97913
0,0,0.980177
0,0,0.981224
0,0,0.982271
0,0,0.983318
0,0,0.984366
0,0,0.985413
0,0,0.98646
0,0,0.987507
0,0,0.988554
0,0,0.989602
0,0,0.990649
0,0,0.991696
0,0,0.992743
0,0,0.99379
0,0,0.994838
0,0,0.995885
0,0,0.996932
0,0,0.997979
0,0,0.999026
0,0,1.00007
0,0,1.00112
0,0,1.00217
0,0,1.00322
0,0,1.00426
0,0,1.00531
0,0,1.00636
0,0,1.0074
0,0,1.00845
0,0,1.0095
0,0,1.01055
0,0,1.01159
0,0,1.01264
0,0,1.01369
0,0,1.01473
0,0,1.01578
0,0,1.01683
0,0,1.01788
0,0,1.01892
0,0,1.01997
0,0,1.02102
0,0,1.02206
0,0,1.02311
0,0,1.02416
0,0,1.02521
0,0,1.02625
0,0,1.0273
0,0,1.02835
0,0,1.0294
0,0,1.03044
0,0,1.03149
0,0,1.03254
0,0,1.03358
0,0,1.03463
0,0,1.03568
0,0,1.03673
0,0,1.03777
0,0,1.03882
0,0,1.03987
0,0,1.04091
0,0,1.04196
0,0,1.04301
0,0,1.04406
0,0,1.0451
0,0,1.04615
0,0,1.0472
0,0,1.04824
0,0,1.04929
0,0,1.05034
0,0,1.05139
0,0,1.05243
0,0,1.05348
0,0,1.05453
0,0,1.05558
0,0,1.05662
0,0,1.05767
0,0,1.05872
0,0,1.05976
0,0,1.06081
0,0,1.06186
0,0,1.06291
0,0,1.06395
0,0,1.065
0,0,1.06605
0,0,1.06709
0,0,1.06814
0,0,1.06919
0,0,1.07024
0,0,1.07128
0,0,1.07233
0,0,1.07338
0,0,1.07442
0,0,1.07547
0,0,1.07652
0,0,1.07757
0,0,1.07861
0,0,1.07966
0,0,1.08071
0,0,1.08176
0,0,1.0828
0,0,1.08385
0,0,1.0849
0,0,1.08594
0,0,1.08699
0,0,1.08804
0,0,1.08909
0,0,1.09013
0,0,1.09118
0,0,1.09223
0,0,1.09327
0,0,1.09432
0,0,1.09537
0,0,1.09642
0,0,1.09746
0,0,1.09851
0,0,1.09956
0,0,1.1006
0,0,1.10165
0,0,1.1027
0,0,1.10375
0,0,1.10479
0,0,1.10584
0,0,1.10689
0,0,1.10793
0,0,1.10898
0,0,1.11003
0,0,1.11108
0,0,1.11212
0,0,1.11317
0,0,1.11422
0,0,1.11527
0,0,1.11631
0,0,1.11736
0,0,1.11841
0,0,1.11945
0,0,1.1205
0,0,1.12155
0,0,1.1226
0,0,1.12364
0,0,1.12469
0,0,1.12574
0,0,1.12678
0,0,1.12783
0,0,1.12888
0,0,1.12993
0,0,1.13097
0,0,1.13202
0,0,1.13307
0,0,1.13411
0,0,1.13516
0,0,1.13621
0,0,1.13726
0,0,1.1383
0,0,1.13935
0,0,1.1404
0,0,1.14145
0,0,1.14249
0,0,1.14354
0,0,1.14459
0,0,1.14563
0,0,1.14668
0,0,1.14773
0,0,1.14878
0,0,1.14982
0,0,1.15087
0,0,1.15192
0,0,1.15296
0,0,1.15401
0,0,1.15506
0,0,1.15611
0,0,1.15715
0,0,1.1582
0,0,1.15925
0,0,1.16029
0,0,1.16134
0,0,1.16239
0,0,1.16344
0,0,1.16448
0,0,1.16553
0,0,1.16658
0,0,1.16763
0,0,1.16867
0,0,1.16972
0,0,1.17077
0,0,1.17181
0,0,1.17286
0,0,1.17391
0,0,1.17496
0,0,1.176
0,0,1.17705
0,0,1.1781
0,0,1.17914
0,0,1.18019
0,0,1.18124
0,0,1.18229
0,0,1.18333
0,0,1.18438
0,0,1.18543
0,0,1.18647
0,0,1.18752
0,0,1.18857
0,0,1.18962
0,0,1.19066
0,0,1.19171
0,0,1.19276
0,0,1.19381
0,0,1.19485
0,0,1.1959
0,0,1.19695
0,0,1.19799
0,0,1.19904
0,0,1.20009
0,0,1.20114
0,0,1.20218
0,0,1.20323
0,0,1.20428
0,0,1.20532
0,0,1.20637
0,0,1.20742
0,0,1.20847
0,0,1.20951
0,0,1.21056
0,0,1.21161
0,0,1.21265
0,0,1.2137
0,0,1.21475
0,0,1.2158
0,0,1.21684
0,0,1.21789
0,0,1.21894
0,0,1.21999
0,0,1.22103
0,0,1.22208
0,0,1.22313
0,0,1.22417
0,0,1.22522
0,0,1.22627
0,0,1.22732
0,0,1.22836
0,0,1.22941
0,0,1.23046
0,0,1.2315
0,0,1.23255
0,0,1.2336
0,0,1.23465
0,0,1.23569
0,0,1.23674
0,0,1.23779
0,0,1.23883
0,0,1.23988
0,0,1.24093
0,0,1.24198
0,0,1.24302
0,0,1.24407
0,0,1.24512
0,0,1.24617
0,0,1.24721
0,0,1.24826
0,0,1.24931
0,0,1.25035
0,0,1.2514
0,0,1.25245
0,0,1.2535
0,0,1.25454
0,0,1.25559
0,0,1.25664
0,0,1.25768
0,0,1.25873
0,0,1.25978
0,0,1.26083
0,0,1.26187
0,0,1.26292
0,0,1.26397
0,0,1.26501
0,0,1.26606
0,0,1.26711
0,0,1.26816
0,0,1.2692
0,0,1.27025
0,0,1.2713
0,0,1.27235
0,0,1.27339
0,0,1.27444
0,0,1.27549
0,0,1.27653
0,0,1.27758
0,0,1.27863
0,0,1.27968
0,0,1.28072
0,0,1.28177
0,0,1.28282
0,0,1.28386
0,0,1.28491
0,0,1.28596
0,0,1.28701
0,0,1.28805
0,0,1.2891
0,0,1.29015
0,0,1.29119
0,0,1.29224
0,0,1.29329
0,0,1.29434
0,0,1.29538
0,0,1.29643
0,0,1.29748
0,0,1.29852
0,0,1.29957
0,0,1.30062
0,0,1.30167
0,0,1.30271
0,0,1.30376
0,0,1.30481
0,0,1.30586
0,0,1.3069
0,0,1.30795
0,0,1.309
0,0,1.31004
0,0,1.31109
0,0,1.31214
0,0,1.31319
0,0,1.31423
0,0,1.31528
0,0,1.31633
0,0,1.31737
0,0,1.31842
0,0,1.31947
0,0,1.32052
0,0,1.32156
0,0,1.32261
0,0,1.32366
0,0,1.3247
0,0,1.32575
0,0,1.3268
0,0,1.32785
0,0,1.32889
0,0,1.32994
0,0,1.33099
0,0,1.33204
0,0,1.33308
0,0,1.33413
0,0,1.33518
0,0,1.33622
0,0,1.33727
0,0,1.33832
0,0,1.33937
0,0,1.34041
0,0,1.34146
0,0,1.34251
0,0,1.34355
0,0,1.3446
0,0,1.34565
0,0,1.3467
0,0,1.34774
0,0,1.34879
0,0,1.34984
0,0,1.35088
0,0,1.35193
0,0,1.35298
0,0,1.35403
0,0,1.35507
0,0,1.35612
0,0,1.35717
0,0,1.35822
0,0,1.35926
0,0,1.36031
0,0,1.36136
0,0,1.3624
0,0,1.36345
0,0,1.3645
0,0,1.36555
0,0,1.36659
0,0,1.36764
0,0,1.36869
0,0,1.36973
0,0,1.37078
0,0,1.37183
0,0,1.37288
0,0,1.37392
0,0,1.37497
0,0,1.37602
0,0,1.37706
0,0,1.37811
0,0,1.37916
0,0,1.38021
0,0,1.38125
0,0,1.3823
0,0,1.38335
0,0,1.3844
0,0,1.38544
0,0,1.38649
0,0,1.38754
0,0,1.38858
0,0,1.38963
0,0,1.39068
0,0,1.39173
0,0,1.39277
0,0,1.39382
0,0,1.39487
0,0,1.39591
0,0,1.39696
0,0,1.39801
0,0,1.39906
0,0,1.4001
0,0,1.40115
0,0,1.4022
0,0,1.40324
0,0,1.40429
0,0,1.40534
0,0,1.40639
0,0,1.40743
0,0,1.40848
0,0,1.40953
0,0,1.41058
0,0,1.41162
0,0,1.41267
0,0,1.41372
0,0,1.41476
0,0,1.41581
0,0,1.41686
0,0,1.41791
0,0,1.41895
0,0,1.42
0,0,1.42105
0,0,1.42209
0,0,1.42314
0,0,1.42419
0,0,1.42524
0,0,1.42628
0,0,1.42733
0,0,1.42838
0,0,1.42942
0,0,1.43047
0,0,1.43152
0,0,1.43257
0,0,1.43361
0,0,1.43466
0,0,1.43571
0,0,1.43676
0,0,1.4378
0,0,1.43885
0,0,1.4399
0,0,1.44094
0,0,1.44199
0,0,1.44304
0,0,1.44409
0,0,1.44513
0,0,1.44618
0,0,1.44723
0,0,1.44827
0,0,1.44932
0,0,1.45037
0,0,1.45142
0,0,1.45246
0,0,1.45351
0,0,1.45456
0,0,1.4556
0,0,1.45665
0,0,1.4577
0,0,1.45875
0,0,1.45979
0,0,1.46084
0,0,1.46189
0,0,1.46293
0,0,1.46398
0,0,1.46503
0,0,1.46608
0,0,1.46712
0,0,1.46817
0,0,1.46922
0,0,1.47027
0,0,1.47131
0,0,1.47236
0,0,1.47341
0,0,1.47445
0,0,1.4755
0,0,1.47655
0,0,1.4776
0,0,1.47864
0,0,1.47969
0,0,1.48074
0,0,1.48178
0,0,1.48283
0,0,1.48388
0,0,1.48493
0,0,1.48597
0,0,1.48702
0,0,1.48807
0,0,1.48911
0,0,1.49016
0,0,1.49121
0,0,1.49226
0,0,1.4933
0,0,1.49435
0,0,1.4954
0,0,1.49645
0,0,1.49749
0,0,1.49854
0,0,1.49959
0,0,1.50063
0,0,1.50168
0,0,1.50273
0,0,1.50378
0,0,1.50482
0,0,1.50587
0,0,1.50692
0,0,1.50796
0,0,1.50901
0,0,1.51006
0,0,1.51111
0,0,1.51215
0,0,1.5132
0,0,1.51425
0,0,1.51529
0,0,1.51634
0,0,1.51739
0,0,1.51844
0,0,1.51948
0,0,1.52053
0,0,1.52158
0,0,1.52263
0,0,1.52367
0,0,1.52472
0,0,1.52577
0,0,1.52681
0,0,1.52786
0,0,1.52891
0,0,1.52996
0,0,1.531
0,0,1.53205
0,0,1.5331
0,0,1.53414
0,0,1.53519
0,0,1.53624
0,0,1.53729
0,0,1.53833
0,0,1.53938
0,0,1.54043
0,0,1.54147
0,0,1.54252
0,0,1.54357
0,0,1.54462
0,0,1.54566
0,0,1.54671
0,0,1.54776
0,0,1.54881
0,0,1.54985
0,0,1.5509
0,0,1.55195
0,0,1.55299
0,0,1.55404
0,0,1.55509
0,0,1.55614
0,0,1.55718
0,0,1.55823
0,0,1.55928
0,0,1.56032
0,0,1.56137
0,0,1.56242
0,0,1.56347
0,0,1.56451
0,0,1.56556
0,0,1.56661
0,0,1.56765
0,0,1.5687
0,0,1.56975
0,0,1.5708
0,0,1.57184
0,0,1.57289
0,0,1.57394
0,0,1.57499
0,0,1.57603
0,0,1.57708
0,0,1.57813
0,0,1.57917
0,0,1.58022
0,0,1.58127
0,0,1.58232
0,0,1.58336
0,0,1.58441
0,0,1.58546
0,0,1.5865
0,0,1.58755
0,0,1.5886
0,0,1.58965
0,0,1.59069
0,0,1.59174
0,0,1.59279
0,0,1.59383
0,0,1.59488
0,0,1.59593
0,0,1.59698
0,0,1.59802
0,0,1.59907
0,0,1.60012
0,0,1.60117
0,0,1.60221
0,0,1.60326
0,0,1.60431
0,0,1.60535
0,0,1.6064
0,0,1.60745
0,0,1.6085
0,0,1.60954
0,0,1.61059
0,0,1.61164
0,0,1.61268
0,0,1.61373
0,0,1.61478
0,0,1.61583
0,0,1.61687
0,0,1.61792
0,0,1.61897
0,0,1.62001
0,0,1.62106
0,0,1.62211
0,0,1.62316
0,0,1.6242
0,0,1.62525
0,0,1.6263
0,0,1.62734
0,0,1.62839
0,0,1.62944
0,0,1.63049
0,0,1.63153
0,0,1.63258
0,0,1.63363
0,0,1.63468
0,0,1.63572
0,0,1.63677
0,0,1.63782
0,0,1.63886
0,0,1.63991
0,0,1.64096
0,0,1.64201
0,0,1.64305
0,0,1.6441
0,0,1.64515
0,0,1.64619
0,0,1.64724
0,0,1.64829
0,0,1.64934
0,0,1.65038
0,0,1.65143
0,0,1.65248
0,0,1.65352
0,0,1.65457
0,0,1.65562
0,0,1.65667
0,0,1.65771
0,0,1.65876
0,0,1.65981
0,0,1.66086
0,0,1.6619
0,0,1.66295
0,0,1.664
0,0,1.66504
0,0,1.66609
0,0,1.66714
0,0,1.66819
0,0,1.66923
0,0,1.67028
0,0,1.67133
0,0,1.67237
0,0,1.67342
0,0,1.67447
0,0,1.67552
0,0,1.67656
0,0,1.67761
0,0,1.67866
0,0,1.6797
0,0,1.68075
0,0,1.6818
0,0,1.68285
0,0,1.68389
0,0,1.68494
0,0,1.68599
0,0,1.68704
0,0,1.68808
0,0,1.68913
0,0,1.69018
0,0,1.69122
0,0,1.69227
0,0,1.69332
0,0,1.69437
0,0,1.69541
0,0,1.69646
0,0,1.69751
0,0,1.69855
0,0,1.6996
0,0,1.70065
0,0,1.7017
0,0,1.70274
0,0,1.70379
0,0,1.70484
0,0,1.70588
0,0,1.70693
0,0,1.70798
0,0,1.70903
0,0,1.71007
0,0,1.71112
0,0,1.71217
0,0,1.71322
0,0,1.71426
0,0,1.71531
0,0,1.71636
0,0,1.7174
0,0,1.71845
0,0,1.7195
0,0,1.72055
0,0,1.72159
0,0,1.72264
0,0,1.72369
0,0,1.72473
0,0,1.72578
0,0,1.72683
0,0,1.72788
0,0,1.72892
0,0,1.72997
0,0,1.73102
0,0,1.73206
0,0,1.73311
0,0,1.73416
0,0,1.73521
0,0,1.73625
0,0,1.7373
0,0,1.73835
0,0,1.7394
0,0,1.74044
0,0,1.74149
0,0,1.74254
0,0,1.74358
0,0,1.74463
0,0,1.74568
0,0,1.74673
0,0,1.74777
0,0,1.74882
0,0,1.74987
0,0,1.75091
0,0,1.75196
0,0,1.75301
0,0,1.75406
0,0,1.7551
0,0,1.75615
0,0,1.7572
0,0,1.75824
0,0,1.75929
0,0,1.76034
0,0,1.76139
0,0,1.76243
0,0,1.76348
0,0,1.76453
0,0,1.76558
0,0,1.76662
0,0,1.76767
0,0,1.76872
0,0,1.76976
0,0,1.77081
0,0,1.77186
0,0,1.77291
0,0,1.77395
0,0,1.775
0,0,1.77605
0,0,1.77709
0,0,1.77814
0,0,1.77919
0,0,1.78024
0,0,1.78128
0,0,1.78233
0,0,1.78338
0,0,1.78442
0,0,1.78547
0,0,1.78652
0,0,1.78757
0,0,1.78861
0,0,1.78966
0,0,1.79071
0,0,1.79175
0,0,1.7928
0,0,1.79385
0,0,1.7949
0,0,1.79594
0,0,1.79699
0,0,1.79804
0,0,1.79909
0,0,1.80013
0,0,1.80118
0,0,1.80223
0,0,1.80327
0,0,1.80432
0,0,1.80537
0,0,1.80642
0,0,1.80746
0,0,1.80851
0,0,1.80956
0,0,1.8106
0,0,1.81165
0,0,1.8127
0,0,1.81375
0,0,1.81479
0,0,1.81584
0,0,1.81689
0,0,1.81793
0,0,1.81898
0,0,1.82003
0,0,1.82108
0,0,1.82212
0,0,1.82317
0,0,1.82422
0,0,1.82527
0,0,1.82631
0,0,1.82736
0,0,1.82841
0,0,1.82945
0,0,1.8305
0,0,1.83155
0,0,1.8326
0,0,1.83364
0,0,1.83469
0,0,1.83574
0,0,1.83678
0,0,1.83783
0,0,1.83888
0,0,1.83993
0,0,1.84097
0,0,1.84202
0,0,1.84307
0,0,1.84411
0,0,1.84516
0,0,1.84621
0,0,1.84726
0,0,1.8483
0,0,1.84935
0,0,1.8504
0,0,1.85145
0,0,1.85249
0,0,1.85354
0,0,1.85459
0,0,1.85563
0,0,1.85668
0,0,1.85773
0,0,1.85878
0,0,1.85982
0,0,1.86087
0,0,1.86192
0,0,1.86296
0,0,1.86401
0,0,1.86506
0,0,1.86611
0,0,1.86715
0,0,1.8682
0,0,1.86925
0,0,1.87029
0,0,1.87134
0,0,1.87239
0,0,1.87344
0,0,1.87448
0,0,1.87553
0,0,1.87658
0,0,1.87763
0,0,1.87867
0,0,1.87972
0,0,1.88077
0,0,1.88181
0,0,1.88286
0,0,1.88391
0,0,1.88496
0,0,1.886
0,0,1.88705
0,0,1.8881
0,0,1.88914
0,0,1.89019
0,0,1.89124
0,0,1.89229
0,0,1.89333
0,0,1.89438
0,0,1.89543
0,0,1.89647
0,0,1.89752
0,0,1.89857
0,0,1.89962
0,0,1.90066
0,0,1.90171
0,0,1.90276
0,0,1.90381
0,0,1.90485
0,0,1.9059
0,0,1.90695
0,0,1.90799
0,0,1.90904
0,0,1.91009
0,0,1.91114
0,0,1.91218
0,0,1.91323
0,0,1.91428
0,0,1.91532
0,0,1.91637
0,0,1.91742
0,0,1.91847
0,0,1.91951
0,0,1.92056
0,0,1.92161
0,0,1.92265
0,0,1.9237
0,0,1.92475
0,0,1.9258
0,0,1.92684
0,0,1.92789
0,0,1.92894
0,0,1.92999
0,0,1.93103
0,0,1.93208
0,0,1.93313
0,0,1.93417
0,0,1.93522
0,0,1.93627
0,0,1.93732
0,0,1.93836
0,0,1.93941
0,0,1.94046
0,0,1.9415
0,0,1.94255
0,0,1.9436
0,0,1.94465
0,0,1.94569
0,0,1.94674
0,0,1.94779
0,0,1.94883
0,0,1.94988
0,0,1.95093
0,0,1.95198
0,0,1.95302
0,0,1.95407
0,0,1.95512
0,0,1.95617
0,0,1.95721
0,0,1.95826
0,0,1.95931
0,0,1.96035
0,0,1.9614
0,0,1.96245
0,0,1.9635
0,0,1.96454
0,0,1.96559
0,0,1.96664
0,0,1.96768
0,0,1.96873
0,0,1.96978
0,0,1.97083
0,0,1.97187
0,0,1.97292
0,0,1.97397
0,0,1.97501
0,0,1.97606
0,0,1.97711
0,0,1.97816
0,0,1.9792
0,0,1.98025
0,0,1.9813
0,0,1.98234
0,0,1.98339
0,0,1.98444
0,0,1.98549
0,0,1.98653
0,0,1.98758
0,0,1.98863
0,0,1.98968
0,0,1.99072
0,0,1.99177
0,0,1.99282
0,0,1.99386
0,0,1.99491
0,0,1.99596
0,0,1.99701
0,0,1.99805
0,0,1.9991
0,0,2.00015
0,0,2.00119
0,0,2.00224
0,0,2.00329
0,0,2.00434
0,0,2.00538
0,0,2.00643
0,0,2.00748
0,0,2.00852
0,0,2.00957
0,0,2.01062
0,0,2.01167
0,0,2.01271
0,0,2.01376
0,0,2.01481
0,0,2.01586
0,0,2.0169
0,0,2.01795
0,0,2.019
0,0,2.02004
0,0,2.02109
0,0,2.02214
0,0,2.02319
0,0,2.02423
0,0,2.02528
0,0,2.02633
0,0,2.02737
0,0,2.02842
0,0,2.02947
0,0,2.03052
0,0,2.03156
0,0,2.03261
0,0,2.03366
0,0,2.0347
0,0,2.03575
0,0,2.0368
0,0,2.03785
0,0,2.03889
0,0,2.03994
0,0,2.04099
0,0,2.04204
0,0,2.04308
0,0,2.04413
0,0,2.04518
0,0,2.04622
0,0,2.04727
0,0,2.04832
0,0,2.04937
0,0,2.05041
0,0,2.05146
0,0,2.05251
0,0,2.05355
0,0,2.0546
0,0,2.05565
0,0,2.0567
0,0,2.05774
0,0,2.05879
0,0,2.05984
0,0,2.06088
0,0,2.06193
0,0,2.06298
0,0,2.06403
0,0,2.06507
0,0,2.06612
0,0,2.06717
0,0,2.06822
0,0,2.06926
0,0,2.07031
0,0,2.07136
0,0,2.0724
0,0,2.07345
0,0,2.0745
0,0,2.07555
0,0,2.07659
0,0,2.07764
0,0,2.07869
0,0,2.07973
0,0,2.08078
0,0,2.08183
0,0,2.08288
0,0,2.08392
0,0,2.08497
0,0,2.08602
0,0,2.08706
0,0,2.08811
0,0,2.08916
0,0,2.09021
0,0,2.09125
0,0,2.0923
0,0,2.09335
0,0,2.0944
0,0,2.09544
0,0,2.09649
0,0,2.09754
0,0,2.09858
0,0,2.09963
0,0,2.10068
0,0,2.10173
0,0,2.10277
0,0,2.10382
0,0,2.10487
0,0,2.10591
0,0,2.10696
0,0,2.10801
0,0,2.10906
0,0,2.1101
0,0,2.11115
0,0,2.1122
0,0,2.11324
0,0,2.11429
0,0,2.11534
0,0,2.11639
0,0,2.11743
0,0,2.11848
0,0,2.11953
0,0,2.12058
0,0,2.12162
0,0,2.12267
0,0,2.12372
0,0,2.12476
0,0,2.12581
0,0,2.12686
0,0,2.12791
0,0,2.12895
0,0,2.13
0,0,2.13105
0,0,2.13209
0,0,2.13314
0,0,2.13419
0,0,2.13524
0,0,2.13628
0,0,2.13733
0,0,2.13838
0,0,2.13942
0,0,2.14047
0,0,2.14152
0,0,2.14257
0,0,2.14361
0,0,2.14466
0,0,2.14571
0,0,2.14675
0,0,2.1478
0,0,2.14885
0,0,2.1499
0,0,2.15094
0,0,2.15199
0,0,2.15304
0,0,2.15409
0,0,2.15513
0,0,2.15618
0,0,2.15723
0,0,2.15827
0,0,2.15932
0,0,2.16037
0,0,2.16142
0,0,2.16246
0,0,2.16351
0,0,2.16456
0,0,2.1656
0,0,2.16665
0,0,2.1677
0,0,2.16875
0,0,2.16979
0,0,2.17084
0,0,2.17189
0,0,2.17293
0,0,2.17398
0,0,2.17503
0,0,2.17608
0,0,2.17712
0,0,2.17817
0,0,2.17922
0,0,2.18027
0,0,2.18131
0,0,2.18236
0,0,2.18341
0,0,2.18445
0,0,2.1855
0,0,2.18655
0,0,2.1876
0,0,2.18864
0,0,2.18969
0,0,2.19074
0,0,2.19178
0,0,2.19283
0,0,2.19388
0,0,2.19493
0,0,2.19597
0,0,2.19702
0,0,2.19807
0,0,2.19911
0,0,2.20016
0,0,2.20121
0,0,2.20226
0,0,2.2033
0,0,2.20435
0,0,2.2054
0,0,2.20645
0,0,2.20749
0,0,2.20854
0,0,2.20959
0,0,2.21063
0,0,2.21168
0,0,2.21273
0,0,2.21378
0,0,2.21482
0,0,2.21587
0,0,2.21692
0,0,2.21796
0,0,2.21901
0,0,2.22006
0,0,2.22111
0,0,2.22215
0,0,2.2232
0,0,2.22425
0,0,2.22529
0,0,2.22634
0,0,2.22739
0,0,2.22844
0,0,2.22948
0,0,2.23053
0,0,2.23158
0,0,2.23263
0,0,2.23367
0,0,2.23472
0,0,2.23577
0,0,2.23681
0,0,2.23786
0,0,2.23891
0,0,2.23996
0,0,2.241
0,0,2.24205
0,0,2.2431
0,0,2.24414
0,0,2.24519
0,0,2.24624
0,0,2.24729
0,0,2.24833
0,0,2.24938
0,0,2.25043
0,0,2.25147
0,0,2.25252
0,0,2.25357
0,0,2.25462
0,0,2.25566
0,0,2.25671
0,0,2.25776
0,0,2.25881
0,0,2.25985
0,0,2.2609
0,0,2.26195
0,0,2.26299
0,0,2.26404
0,0,2.26509
0,0,2.26614
0,0,2.26718
0,0,2.26823
0,0,2.26928
0,0,2.27032
0,0,2.27137
0,0,2.27242
0,0,2.27347
0,0,2.27451
0,0,2.27556
0,0,2.27661
0,0,2.27765
0,0,2.2787
0,0,2.27975
0,0,2.2808
0,0,2.28184
0,0,2.28289
0,0,2.28394
0,0,2.28499
0,0,2.28603
0,0,2.28708
0,0,2.28813
0,0,2.28917
0,0,2.29022
0,0,2.29127
0,0,2.29232
0,0,2.29336
0,0,2.29441
0,0,2.29546
0,0,2.2965
0,0,2.29755
0,0,2.2986
0,0,2.29965
0,0,2.30069
0,0,2.30174
0,0,2.30279
0,0,2.30383
0,0,2.30488
0,0,2.30593
0,0,2.30698
0,0,2.30802
0,0,2.30907
0,0,2.31012
0,0,2.31116
0,0,2.31221
0,0,2.31326
0,0,2.31431
0,0,2.31535
0,0,2.3164
0,0,2.31745
0,0,2.3185
0,0,2.31954
0,0,2.32059
0,0,2.32164
0,0,2.32268
0,0,2.32373
0,0,2.32478
0,0,2.32583
0,0,2.32687
0,0,2.32792
0,0,2.32897
0,0,2.33001
0,0,2.33106
0,0,2.33211
0,0,2.33316
0,0,2.3342
0,0,2.33525
0,0,2.3363
0,0,2.33734
0,0,2.33839
0,0,2.33944
0,0,2.34049
0,0,2.34153
0,0,2.34258
0,0,2.34363
0,0,2.34468
0,0,2.34572
0,0,2.34677
0,0,2.34782
0,0,2.34886
0,0,2.34991
0,0,2.35096
0,0,2.35201
0,0,2.35305
0,0,2.3541
0,0,2.35515
0,0,2.35619
0,0,2.35724
0,0,2.35829
0,0,2.35934
0,0,2.36038
0,0,2.36143
0,0,2.36248
0,0,2.36352
0,0,2.36457
0,0,2.36562
0,0,2.36667
0,0,2.36771
0,0,2.36876
0,0,2.36981
0,0,2.37086
0,0,2.3719
0,0,2.37295
0,0,2.374
0,0,2.37504
0,0,2.37609
0,0,2.37714
0,0,2.37819
0,0,2.37923
0,0,2.38028
0,0,2.38133
0,0,2.38237
0,0,2.38342
0,0,2.38447
0,0,2.38552
0,0,2.38656
0,0,2.38761
0,0,2.38866
0,0,2.3897
0,0,2.39075
0,0,2.3918
0,0,2.39285
0,0,2.39389
0,0,2.39494
0,0,2.39599
0,0,2.39704
0,0,2.39808
0,0,2.39913
0,0,2.40018
0,0,2.40122
0,0,2.40227
0,0,2.40332
0,0,2.40437
0,0,2.40541
0,0,2.40646
0,0,2.40751
0,0,2.40855
0,0,2.4096
0,0,2.41065
0,0,2.4117
0,0,2.41274
0,0,2.41379
0,0,2.41484
0,0,2.41588
0,0,2.41693
0,0,2.41798
0,0,2.41903
0,0,2.42007
0,0,2.42112
0,0,2.42217
0,0,2.42322
0,0,2.42426
0,0,2.42531
0,0,2.42636
0,0,2.4274
0,0,2.42845
0,0,2.4295
0,0,2.43055
0,0,2.43159
0,0,2.43264
0,0,2.43369
0,0,2.43473
0,0,2.43578
0,0,2.43683
0,0,2.43788
0,0,2.43892
0,0,2.43997
0,0,2.44102
0,0,2.44206
0,0,2.44311
0,0,2.44416
0,0,2.44521
0,0,2.44625
0,0,2.4473
0,0,2.44835
0,0,2.4494
0,0,2.45044
0,0,2.45149
0,0,2.45254
0,0,2.45358
0,0,2.45463
0,0,2.45568
0,0,2.45673
0,0,2.45777
0,0,2.45882
0,0,2.45987
0,0,2.46091
0,0,2.46196
0,0,2.46301
0,0,2.46406
0,0,2.4651
0,0,2.46615
0,0,2.4672
0,0,2.46824
0,0,2.46929
0,0,2.47034
0,0,2.47139
0,0,2.47243
0,0,2.47348
0,0,2.47453
0,0,2.47557
0,0,2.47662
0,0,2.47767
0,0,2.47872
0,0,2.47976
0,0,2.48081
0,0,2.48186
0,0,2.48291
0,0,2.48395
0,0,2.485
0,0,2.48605
0,0,2.48709
0,0,2.48814
0,0,2.48919
0,0,2.49024
0,0,2.49128
0,0,2.49233
0,0,2.49338
0,0,2.49442
0,0,2.49547
0,0,2.49652
0,0,2.49757
0,0,2.49861
0,0,2.49966
0,0,2.50071
0,0,2.50175
0,0,2.5028
0,0,2.50385
0,0,2.5049
0,0,2.50594
0,0,2.50699
0,0,2.50804
0,0,2.50909
0,0,2.51013
0,0,2.51118
0,0,2.51223
0,0,2.51327
0,0,2.51432
0,0,2.51537
0,0,2.51642
0,0,2.51746
0,0,2.51851
0,0,2.51956
0,0,2.5206
0,0,2.52165
0,0,2.5227
0,0,2.52375
0,0,2.52479
0,0,2.52584
0,0,2.52689
0,0,2.52793
0,0,2.52898
0,0,2.53003
0,0,2.53108
0,0,2.53212
0,0,2.53317
0,0,2.53422
0,0,2.53527
0,0,2.53631
0,0,2.53736
0,0,2.53841
0,0,2.53945
0,0,2.5405
0,0,2.54155
0,0,2.5426
0,0,2.54364
0,0,2.54469
0,0,2.54574
0,0,2.54678
0,0,2.54783
0,0,2.54888
0,0,2.54993
0,0,2.55097
0,0,2.55202
0,0,2.55307
0,0,2.55411
0,0,2.55516
0,0,2.55621
0,0,2.55726
0,0,2.5583
0,0,2.55935
0,0,2.5604
0,0,2.56145
0,0,2.56249
0,0,2.56354
0,0,2.56459
0,0,2.56563
0,0,2.56668
0,0,2.56773
0,0,2.56878
0,0,2.56982
0,0,2.57087
0,0,2.57192
0,0,2.57296
0,0,2.57401
0,0,2.57506
0,0,2.57611
0,0,2.57715
0,0,2.5782
0,0,2.57925
0,0,2.58029
0,0,2.58134
0,0,2.58239
0,0,2.58344
0,0,2.58448
0,0,2.58553
0,0,2.58658
0,0,2.58763
0,0,2.58867
0,0,2.58972
0,0,2.59077
0,0,2.59181
0,0,2.59286
0,0,2.59391
0,0,2.59496
0,0,2.596
0,0,2.59705
0,0,2.5981
0,0,2.59914
0,0,2.60019
0,0,2.60124
0,0,2.60229
0,0,2.60333
0,0,2.60438
0,0,2.60543
0,0,2.60647
0,0,2.60752
0,0,2.60857
0,0,2.60962
0,0,2.61066
0,0,2.61171
0,0,2.61276
0,0,2.61381
0,0,2.61485
0,0,2.6159
0,0,2.61695
0,0,2.61799
0,0,2.61904
0,0,2.62009
0,0,2.62114
0,0,2.62218
0,0,2.62323
0,0,2.62428
0,0,2.62532
0,0,2.62637
0,0,2.62742
0,0,2.62847
0,0,2.62951
0,0,2.63056
0,0,2.63161
0,0,2.63265
0,0,2.6337
0,0,2.63475
0,0,2.6358
0,0,2.63684
0,0,2.63789
0,0,2.63894
0,0,2.63998
0,0,2.64103
0,0,2.64208
0,0,2.64313
0,0,2.64417
0,0,2.64522
0,0,2.64627
0,0,2.64732
0,0,2.64836
0,0,2.64941
0,0,2.65046
0,0,2.6515
0,0,2.65255
0,0,2.6536
0,0,2.65465
0,0,2.65569
0,0,2.65674
0,0,2.65779
0,0,2.65883
0,0,2.65988
0,0,2.66093
0,0,2.66198
0,0,2.66302
0,0,2.66407
0,0,2.66512
0,0,2.66616
0,0,2.66721
0,0,2.66826
0,0,2.66931
0,0,2.67035
0,0,2.6714
0,0,2.67245
0,0,2.6735
0,0,2.67454
0,0,2.67559
0,0,2.67664
0,0,2.67768
0,0,2.67873
0,0,2.67978
0,0,2.68083
0,0,2.68187
0,0,2.68292
0,0,2.68397
0,0,2.68501
0,0,2.68606
0,0,2.68711
0,0,2.68816
0,0,2.6892
0,0,2.69025
0,0,2.6913
0,0,2.69234
0,0,2.69339
0,0,2.69444
0,0,2.69549
0,0,2.69653
0,0,2.69758
0,0,2.69863
0,0,2.69968
0,0,2.70072
0,0,2.70177
0,0,2.70282
0,0,2.70386
0,0,2.70491
0,0,2.70596
0,0,2.70701
0,0,2.70805
0,0,2.7091
0,0,2.71015
0,0,2.71119
0,0,2.71224
0,0,2.71329
0,0,2.71434
0,0,2.71538
0,0,2.71643
0,0,2.71748
0,0,2.71852
0,0,2.71957
0,0,2.72062
0,0,2.72167
0,0,2.72271
0,0,2.72376
0,0,2.72481
0,0,2.72586
0,0,2.7269
0,0,2.72795
0,0,2.729
0,0,2.73004
0,0,2.73109
0,0,2.73214
0,0,2.73319
0,0,2.73423
0,0,2.73528
0,0,2.73633
0,0,2.73737
0,0,2.73842
0,0,2.73947
0,0,2.74052
0,0,2.74156
0,0,2.74261
0,0,2.74366
0,0,2.7447
0,0,2.74575
0,0,2.7468
0,0,2.74785
0,0,2.74889
0,0,2.74994
0,0,2.75099
0,0,2.75204
0,0,2.75308
0,0,2.75413
0,0,2.75518
0,0,2.75622
0,0,2.75727
0,0,2.75832
0,0,2.75937
0,0,2.76041
0,0,2.76146
0,0,2.76251
0,0,2.76355
0,0,2.7646
0,0,2.76565
0,0,2.7667
0,0,2.76774
0,0,2.76879
0,0,2.76984
0,0,2.77088
0,0,2.77193
0,0,2.77298
0,0,2.77403
0,0,2.77507
0,0,2.77612
0,0,2.77717
0,0,2.77822
0,0,2.77926
0,0,2.78031
0,0,2.78136
0,0,2.7824
0,0,2.78345
0,0,2.7845
0,0,2.78555
0,0,2.78659
0,0,2.78764
0,0,2.78869
0,0,2.78973
0,0,2.79078
0,0,2.79183
0,0,2.79288
0,0,2.79392
0,0,2.79497
0,0,2.79602
0,0,2.79706
0,0,2.79811
0,0,2.79916
0,0,2.80021
0,0,2.80125
0,0,2.8023
0,0,2.80335
0,0,2.8044
0,0,2.80544
0,0,2.80649
0,0,2.80754
0,0,2.80858
0,0,2.80963
0,0,2.81068
0,0,2.81173
0,0,2.81277
0,0,2.81382
0,0,2.81487
0,0,2.81591
0,0,2.81696
0,0,2.81801
0,0,2.81906
0,0,2.8201
0,0,2.82115
0,0,2.8222
0,0,2.82324
0,0,2.82429
0,0,2.82534
0,0,2.82639
0,0,2.82743
0,0,2.82848
0,0,2.82953
0,0,2.83057
0,0,2.83162
0,0,2.83267
0,0,2.83372
0,0,2.83476
0,0,2.83581
0,0,2.83686
0,0,2.83791
0,0,2.83895
0,0,2.84
0,0,2.84105
0,0,2.84209
0,0,2.84314
0,0,2.84419
0,0,2.84524
0,0,2.84628
0,0,2.84733
0,0,2.84838
0,0,2.84942
0,0,2.85047
0,0,2.85152
0,0,2.85257
0,0,2.85361
0,0,2.85466
0,0,2.85571
0,0,2.85675
0,0,2.8578
0,0,2.85885
0,0,2.8599
0,0,2.86094
0,0,2.86199
0,0,2.86304
0,0,2.86409
0,0,2.86513
0,0,2.86618
0,0,2.86723
0,0,2.86827
0,0,2.86932
0,0,2.87037
0,0,2.87142
0,0,2.87246
0,0,2.87351
0,0,2.87456
0,0,2.8756
0,0,2.87665
0,0,2.8777
0,0,2.87875
0,0,2.87979
0,0,2.88084
0,0,2.88189
0,0,2.88293
0,0,2.88398
0,0,2.88503
0,0,2.88608
0,0,2.88712
0,0,2.88817
0,0,2.88922
0,0,2.89027
0,0,2.89131
0,0,2.89236
0,0,2.89341
0,0,2.89445
0,0,2.8955
0,0,2.89655
0,0,2.8976
0,0,2.89864
0,0,2.89969
0,0,2.90074
0,0,2.90178
0,0,2.90283
0,0,2.90388
0,0,2.90493
0,0,2.90597
0,0,2.90702
0,0,2.90807
0,0,2.90911
0,0,2.91016
0,0,2.91121
0,0,2.91226
0,0,2.9133
0,0,2.91435
0,0,2.9154
0,0,2.91645
0,0,2.91749
0,0,2.91854
0,0,2.91959
0,0,2.92063
0,0,2.92168
0,0,2.92273
0,0,2.92378
0,0,2.92482
0,0,2.92587
0,0,2.92692
0,0,2.92796
0,0,2.92901
0,0,2.93006
0,0,2.93111
0,0,2.93215
0,0,2.9332
0,0,2.93425
0,0,2.93529
0,0,2.93634
0,0,2.93739
0,0,2.93844
0,0,2.93948
0,0,2.94053
0,0,2.94158
0,0,2.94263
0,0,2.94367
0,0,2.94472
0,0,2.94577
0,0,2.94681
0,0,2.94786
0,0,2.94891
0,0,2.94996
0,0,2.951
0,0,2.95205
0,0,2.9531
0,0,2.95414
0,0,2.95519
0,0,2.95624
0,0,2.95729
0,0,2.95833
0,0,2.95938
0,0,2.96043
0,0,2.96147
0,0,2.96252
0,0,2.96357
0,0,2.96462
0,0,2.96566
0,0,2.96671
0,0,2.96776
0,0,2.96881
0,0,2.96985
0,0,2.9709
0,0,2.97195
0,0,2.97299
0,0,2.97404
0,0,2.97509
0,0,2.97614
0,0,2.97718
0,0,2.97823
0,0,2.97928
0,0,2.98032
0,0,2.98137
0,0,2.98242
0,0,2.98347
0,0,2.98451
0,0,2.98556
0,0,2.98661
0,0,2.98765
0,0,2.9887
0,0,2.98975
0,0,2.9908
0,0,2.99184
0,0,2.99289
0,0,2.99394
0,0,2.99498
0,0,2.99603
0,0,2.99708
0,0,2.99813
0,0,2.99917
0,0,3.00022
0,0,3.00127
0,0,3.00232
0,0,3.00336
0,0,3.00441
0,0,3.00546
0,0,3.0065
0,0,3.00755
0,0,3.0086
0,0,3.00965
0,0,3.01069
0,0,3.01174
0,0,3.01279
0,0,3.01383
0,0,3.01488
0,0,3.01593
0,0,3.01698
0,0,3.01802
0,0,3.01907
0,0,3.02012
0,0,3.02116
0,0,3.02221
0,0,3.02326
0,0,3.02431
0,0,3.02535
0,0,3.0264
0,0,3.02745
0,0,3.0285
0,0,3.02954
0,0,3.03059
0,0,3.03164
0,0,3.03268
0,0,3.03373
0,0,3.03478
0,0,3.03583
0,0,3.03687
0,0,3.03792
0,0,3.03897
0,0,3.04001
0,0,3.04106
0,0,3.04211
0,0,3.04316
0,0,3.0442
0,0,3.04525
0,0,3.0463
0,0,3.04734
0,0,3.04839
0,0,3.04944
0,0,3.05049
0,0,3.05153
0,0,3.05258
0,0,3.05363
0,0,3.05468
0,0,3.05572
0,0,3.05677
0,0,3.05782
0,0,3.05886
0,0,3.05991
0,0,3.06096
0,0,3.06201
0,0,3.06305
0,0,3.0641
0,0,3.06515
0,0,3.06619
0,0,3.06724
0,0,3.06829
0,0,3.06934
0,0,3.07038
0,0,3.07143
0,0,3.07248
0,0,3.07352
0,0,3.07457
0,0,3.07562
0,0,3.07667
0,0,3.07771
0,0,3.07876
0,0,3.07981
0,0,3.08086
0,0,3.0819
0,0,3.08295
0,0,3.084
0,0,3.08504
0,0,3.08609
0,0,3.08714
0,0,3.08819
0,0,3.08923
0,0,3.09028
0,0,3.09133
0,0,3.09237
0,0,3.09342
0,0,3.09447
0,0,3.09552
0,0,3.09656
0,0,3.09761
0,0,3.09866
0,0,3.0997
0,0,3.10075
0,0,3.1018
0,0,3.10285
0,0,3.10389
0,0,3.10494
0,0,3.10599
0,0,3.10704
0,0,3.10808
0,0,3.10913
0,0,3.11018
0,0,3.11122
0,0,3.11227
0,0,3.11332
0,0,3.11437
0,0,3.11541
0,0,3.11646
0,0,3.11751
0,0,3.11855
0,0,3.1196
0,0,3.12065
0,0,3.1217
0,0,3.12274
0,0,3.12379
0,0,3.12484
0,0,3.12588
0,0,3.12693
0,0,3.12798
0,0,3.12903
0,0,3.13007
0,0,3.13112
0,0,3.13217
0,0,3.13322
0,0,3.13426
0,0,3.13531
0,0,3.13636
0,0,3.1374
0,0,3.13845
0,0,3.1395
0,0,3.14055
0,0,3.14159
0,0,3.14264
0,0,3.14369
0,0,3.14473
0,0,3.14578
0,0,3.14683
0,0,3.14788
0,0,3.14892
0,0,3.14997
0,0,3.15102
0,0,3.15206
0,0,3.15311
0,0,3.15416
0,0,3.15521
0,0,3.15625
0,0,3.1573
0,0,3.15835
0,0,3.15939
0,0,3.16044
0,0,3.16149
0,0,3.16254
0,0,3.16358
0,0,3.16463
0,0,3.16568
0,0,3.16673
0,0,3.16777
0,0,3.16882
0,0,3.16987
0,0,3.17091
0,0,3.17196
0,0,3.17301
0,0,3.17406
0,0,3.1751
0,0,3.17615
0,0,3.1772
0,0,3.17824
0,0,3.17929
0,0,3.18034
0,0,3.18139
0,0,3.18243
0,0,3.18348
0,0,3.18453
0,0,3.18557
0,0,3.18662
0,0,3.18767
0,0,3.18872
0,0,3.18976
0,0,3.19081
0,0,3.19186
0,0,3.19291
0,0,3.19395
0,0,3.195
0,0,3.19605
0,0,3.19709
0,0,3.19814
0,0,3.19919
0,0,3.20024
0,0,3.20128
0,0,3.20233
0,0,3.20338
0,0,3.20442
0,0,3.20547
0,0,3.20652
0,0,3.20757
0,0,3.20861
0,0,3.20966
0,0,3.21071
0,0,3.21175
0,0,3.2128
0,0,3.21385
0,0,3.2149
0,0,3.21594
0,0,3.21699
0,0,3.21804
0,0,3.21909
0,0,3.22013
0,0,3.22118
0,0,3.22223
0,0,3.22327
0,0,3.22432
0,0,3.22537
0,0,3.22642
0,0,3.22746
0,0,3.22851
0,0,3.22956
0,0,3.2306
0,0,3.23165
0,0,3.2327
0,0,3.23375
0,0,3.23479
0,0,3.23584
0,0,3.23689
0,0,3.23793
0,0,3.23898
0,0,3.24003
0,0,3.24108
0,0,3.24212
0,0,3.24317
0,0,3.24422
0,0,3.24527
0,0,3.24631
0,0,3.24736
0,0,3.24841
0,0,3.24945
0,0,3.2505
0,0,3.25155
0,0,3.2526
0,0,3.25364
0,0,3.25469
0,0,3.25574
0,0,3.25678
0,0,3.25783
0,0,3.25888
0,0,3.25993
0,0,3.26097
0,0,3.26202
0,0,3.26307
0,0,3.26411
0,0,3.26516
0,0,3.26621
0,0,3.26726
0,0,3.2683
0,0,3.26935
0,0,3.2704
0,0,3.27145
0,0,3.27249
0,0,3.27354
0,0,3.27459
0,0,3.27563
0,0,3.27668
0,0,3.27773
0,0,3.27878
0,0,3.27982
0,0,3.28087
0,0,3.28192
0,0,3.28296
0,0,3.28401
0,0,3.28506
0,0,3.28611
0,0,3.28715
0,0,3.2882
0,0,3.28925
0,0,3.29029
0,0,3.29134
0,0,3.29239
0,0,3.29344
0,0,3.29448
0,0,3.29553
0,0,3.29658
0,0,3.29763
0,0,3.29867
0,0,3.29972
0,0,3.30077
0,0,3.30181
0,0,3.30286
0,0,3.30391
0,0,3.30496
0,0,3.306
0,0,3.30705
0,0,3.3081
0,0,3.30914
0,0,3.31019
0,0,3.31124
0,0,3.31229
0,0,3.31333
0,0,3.31438
0,0,3.31543
0,0,3.31647
0,0,3.31752
0,0,3.31857
0,0,3.31962
0,0,3.32066
0,0,3.32171
0,0,3.32276
0,0,3.3238
0,0,3.32485
0,0,3.3259
0,0,3.32695
0,0,3.32799
0,0,3.32904
0,0,3.33009
0,0,3.33114
0,0,3.33218
0,0,3.33323
0,0,3.33428
0,0,3.33532
0,0,3.33637
0,0,3.33742
0,0,3.33847
0,0,3.33951
0,0,3.34056
0,0,3.34161
0,0,3.34265
0,0,3.3437
0,0,3.34475
0,0,3.3458
0,0,3.34684
0,0,3.34789
0,0,3.34894
0,0,3.34998
0,0,3.35103
0,0,3.35208
0,0,3.35313
0,0,3.35417
0,0,3.35522
0,0,3.35627
0,0,3.35732
0,0,3.35836
0,0,3.35941
0,0,3.36046
0,0,3.3615
0,0,3.36255
0,0,3.3636
0,0,3.36465
0,0,3.36569
0,0,3.36674
0,0,3.36779
0,0,3.36883
0,0,3.36988
0,0,3.37093
0,0,3.37198
0,0,3.37302
0,0,3.37407
0,0,3.37512
0,0,3.37616
0,0,3.37721
0,0,3.37826
0,0,3.37931
0,0,3.38035
0,0,3.3814
0,0,3.38245
0,0,3.3835
0,0,3.38454
0,0,3.38559
0,0,3.38664
0,0,3.38768
0,0,3.38873
0,0,3.38978
0,0,3.39083
0,0,3.39187
0,0,3.39292
0,0,3.39397
0,0,3.39501
0,0,3.39606
0,0,3.39711
0,0,3.39816
0,0,3.3992
0,0,3.40025
0,0,3.4013
0,0,3.40234
0,0,3.40339
0,0,3.40444
0,0,3.40549
0,0,3.40653
0,0,3.40758
0,0,3.40863
0,0,3.40968
0,0,3.41072
0,0,3.41177
0,0,3.41282
0,0,3.41386
0,0,3.41491
0,0,3.41596
0,0,3.41701
0,0,3.41805
0,0,3.4191
0,0,3.42015
0,0,3.42119
0,0,3.42224
0,0,3.42329
0,0,3.42434
0,0,3.42538
0,0,3.42643
0,0,3.42748
0,0,3.42852
0,0,3.42957
0,0,3.43062
0,0,3.43167
0,0,3.43271
0,0,3.43376
0,0,3.43481
0,0,3.43586
0,0,3.4369
0,0,3.43795
0,0,3.439
0,0,3.44004
0,0,3.44109
0,0,3.44214
0,0,3.44319
0,0,3.44423
0,0,3.44528
0,0,3.44633
0,0,3.44737
0,0,3.44842
0,0,3.44947
0,0,3.45052
0,0,3.45156
0,0,3.45261
0,0,3.45366
0,0,3.4547
0,0,3.45575
0,0,3.4568
0,0,3.45785
0,0,3.45889
0,0,3.45994
0,0,3.46099
0,0,3.46204
0,0,3.46308
0,0,3.46413
0,0,3.46518
0,0,3.46622
0,0,3.46727
0,0,3.46832
0,0,3.46937
0,0,3.47041
0,0,3.47146
0,0,3.47251
0,0,3.47355
0,0,3.4746
0,0,3.47565
0,0,3.4767
0,0,3.47774
0,0,3.47879
0,0,3.47984
0,0,3.48088
0,0,3.48193
0,0,3.48298
0,0,3.48403
0,0,3.48507
0,0,3.48612
0,0,3.48717
0,0,3.48822
0,0,3.48926
0,0,3.49031
0,0,3.49136
0,0,3.4924
0,0,3.49345
0,0,3.4945
0,0,3.49555
0,0,3.49659
0,0,3.49764
0,0,3.49869
0,0,3.49973
0,0,3.50078
0,0,3.50183
0,0,3.50288
0,0,3.50392
0,0,3.50497
0,0,3.50602
0,0,3.50706
0,0,3.50811
0,0,3.50916
0,0,3.51021
0,0,3.51125
0,0,3.5123
0,0,3.51335
0,0,3.51439
0,0,3.51544
0,0,3.51649
0,0,3.51754
0,0,3.51858
0,0,3.51963
0,0,3.52068
0,0,3.52173
0,0,3.52277
0,0,3.52382
0,0,3.52487
0,0,3.52591
0,0,3.52696
0,0,3.52801
0,0,3.52906
0,0,3.5301
0,0,3.53115
0,0,3.5322
0,0,3.53324
0,0,3.53429
0,0,3.53534
0,0,3.53639
0,0,3.53743
0,0,3.53848
0,0,3.53953
0,0,3.54057
0,0,3.54162
0,0,3.54267
0,0,3.54372
0,0,3.54476
0,0,3.54581
0,0,3.54686
0,0,3.54791
0,0,3.54895
0,0,3.55
0,0,3.55105
0,0,3.55209
0,0,3.55314
0,0,3.55419
0,0,3.55524
0,0,3.55628
0,0,3.55733
0,0,3.55838
0,0,3.55942
0,0,3.56047
0,0,3.56152
0,0,3.56257
0,0,3.56361
0,0,3.56466
0,0,3.56571
0,0,3.56675
0,0,3.5678
0,0,3.56885
0,0,3.5699
0,0,3.57094
0,0,3.57199
0,0,3.57304
0,0,3.57409
0,0,3.57513
0,0,3.57618
0,0,3.57723
0,0,3.57827
0,0,3.57932
0,0,3.58037
0,0,3.58142
0,0,3.58246
0,0,3.58351
0,0,3.58456
0,0,3.5856
0,0,3.58665
0,0,3.5877
0,0,3.58875
0,0,3.58979
0,0,3.59084
0,0,3.59189
0,0,3.59293
0,0,3.59398
0,0,3.59503
0,0,3.59608
0,0,3.59712
0,0,3.59817
0,0,3.59922
0,0,3.60027
0,0,3.60131
0,0,3.60236
0,0,3.60341
0,0,3.60445
0,0,3.6055
0,0,3.60655
0,0,3.6076
0,0,3.60864
0,0,3.60969
0,0,3.61074
0,0,3.61178
0,0,3.61283
0,0,3.61388
0,0,3.61493
0,0,3.61597
0,0,3.61702
0,0,3.61807
0,0,3.61911
0,0,3.62016
0,0,3.62121
0,0,3.62226
0,0,3.6233
0,0,3.62435
0,0,3.6254
0,0,3.62645
0,0,3.62749
0,0,3.62854
0,0,3.62959
0,0,3.63063
0,0,3.63168
0,0,3.63273
0,0,3.63378
0,0,3.63482
0,0,3.63587
0,0,3.63692
0,0,3.63796
0,0,3.63901
0,0,3.64006
0,0,3.64111
0,0,3.64215
0,0,3.6432
0,0,3.64425
0,0,3.64529
0,0,3.64634
0,0,3.64739
0,0,3.64844
0,0,3.64948
0,0,3.65053
0,0,3.65158
0,0,3.65263
0,0,3.65367
0,0,3.65472
0,0,3.65577
0,0,3.65681
0,0,3.65786
0,0,3.65891
0,0,3.65996
0,0,3.661
0,0,3.66205
0,0,3.6631
0,0,3.66414
0,0,3.66519
0,0,3.66624
0,0,3.66729
0,0,3.66833
0,0,3.66938
0,0,3.67043
0,0,3.67147
0,0,3.67252
0,0,3.67357
0,0,3.67462
0,0,3.67566
0,0,3.67671
0,0,3.67776
0,0,3.6788
0,0,3.67985
0,0,3.6809
0,0,3.68195
0,0,3.68299
0,0,3.68404
0,0,3.68509
0,0,3.68614
0,0,3.68718
0,0,3.68823
0,0,3.68928
0,0,3.69032
0,0,3.69137
0,0,3.69242
0,0,3.69347
0,0,3.69451
0,0,3.69556
0,0,3.69661
0,0,3.69765
0,0,3.6987
0,0,3.69975
0,0,3.7008
0,0,3.70184
0,0,3.70289
0,0,3.70394
0,0,3.70498
0,0,3.70603
0,0,3.70708
0,0,3.70813
0,0,3.70917
0,0,3.71022
0,0,3.71127
0,0,3.71232
0,0,3.71336
0,0,3.71441
0,0,3.71546
0,0,3.7165
0,0,3.71755
0,0,3.7186
0,0,3.71965
0,0,3.72069
0,0,3.72174
0,0,3.72279
0,0,3.72383
0,0,3.72488
0,0,3.72593
0,0,3.72698
0,0,3.72802
0,0,3.72907
0,0,3.73012
0,0,3.73116
0,0,3.73221
0,0,3.73326
0,0,3.73431
0,0,3.73535
0,0,3.7364
0,0,3.73745
0,0,3.7385
0,0,3.73954
0,0,3.74059
0,0,3.74164
0,0,3.74268
0,0,3.74373
0,0,3.74478
0,0,3.74583
0,0,3.74687
0,0,3.74792
0,0,3.74897
0,0,3.75001
0,0,3.75106
0,0,3.75211
0,0,3.75316
0,0,3.7542
0,0,3.75525
0,0,3.7563
0,0,3.75734
0,0,3.75839
0,0,3.75944
0,0,3.76049
0,0,3.76153
0,0,3.76258
0,0,3.76363
0,0,3.76468
0,0,3.76572
0,0,3.76677
0,0,3.76782
0,0,3.76886
0,0,3.76991
0,0,3.77096
0,0,3.77201
0,0,3.77305
0,0,3.7741
0,0,3.77515
0,0,3.77619
0,0,3.77724
0,0,3.77829
0,0,3.77934
0,0,3.78038
0,0,3.78143
0,0,3.78248
0,0,3.78352
0,0,3.78457
0,0,3.78562
0,0,3.78667
0,0,3.78771
0,0,3.78876
0,0,3.78981
0,0,3.79086
0,0,3.7919
0,0,3.79295
0,0,3.794
0,0,3.79504
0,0,3.79609
0,0,3.79714
0,0,3.79819
0,0,3.79923
0,0,3.80028
0,0,3.80133
0,0,3.80237
0,0,3.80342
0,0,3.80447
0,0,3.80552
0,0,3.80656
0,0,3.80761
0,0,3.80866
0,0,3.8097
0,0,3.81075
0,0,3.8118
0,0,3.81285
0,0,3.81389
0,0,3.81494
0,0,3.81599
0,0,3.81704
0,0,3.81808
0,0,3.81913
0,0,3.82018
0,0,3.82122
0,0,3.82227
0,0,3.82332
0,0,3.82437
0,0,3.82541
0,0,3.82646
0,0,3.82751
0,0,3.82855
0,0,3.8296
0,0,3.83065
0,0,3.8317
0,0,3.83274
0,0,3.83379
0,0,3.83484
0,0,3.83588
0,0,3.83693
0,0,3.83798
0,0,3.83903
0,0,3.84007
0,0,3.84112
0,0,3.84217
0,0,3.84321
0,0,3.84426
0,0,3.84531
0,0,3.84636
0,0,3.8474
0,0,3.84845
0,0,3.8495
0,0,3.85055
0,0,3.85159
0,0,3.85264
0,0,3.85369
0,0,3.85473
0,0,3.85578
0,0,3.85683
0,0,3.85788
0,0,3.85892
0,0,3.85997
0,0,3.86102
0,0,3.86206
0,0,3.86311
0,0,3.86416
0,0,3.86521
0,0,3.86625
0,0,3.8673
0,0,3.86835
0,0,3.86939
0,0,3.87044
0,0,3.87149
0,0,3.87254
0,0,3.87358
0,0,3.87463
0,0,3.87568
0,0,3.87673
0,0,3.87777
0,0,3.87882
0,0,3.87987
0,0,3.88091
0,0,3.88196
0,0,3.88301
0,0,3.88406
0,0,3.8851
0,0,3.88615
0,0,3.8872
0,0,3.88824
0,0,3.88929
0,0,3.89034
0,0,3.89139
0,0,3.89243
0,0,3.89348
0,0,3.89453
0,0,3.89557
0,0,3.89662
0,0,3.89767
0,0,3.89872
0,0,3.89976
0,0,3.90081
0,0,3.90186
0,0,3.90291
0,0,3.90395
0,0,3.905
0,0,3.90605
0,0,3.90709
0,0,3.90814
0,0,3.90919
0,0,3.91024
0,0,3.91128
0,0,3.91233
0,0,3.91338
0,0,3.91442
0,0,3.91547
0,0,3.91652
0,0,3.91757
0,0,3.91861
0,0,3.91966
0,0,3.92071
0,0,3.92175
0,0,3.9228
0,0,3.92385
0,0,3.9249
0,0,3.92594
0,0,3.92699
0,0,3.92804
0,0,3.92909
0,0,3.93013
0,0,3.93118
0,0,3.93223
0,0,3.93327
0,0,3.93432
0,0,3.93537
0,0,3.93642
0,0,3.93746
0,0,3.93851
0,0,3.93956
0,0,3.9406
0,0,3.94165
0,0,3.9427
0,0,3.94375
0,0,3.94479
0,0,3.94584
0,0,3.94689
0,0,3.94793
0,0,3.94898
0,0,3.95003
0,0,3.95108
0,0,3.95212
0,0,3.95317
0,0,3.95422
0,0,3.95527
0,0,3.95631
0,0,3.95736
0,0,3.95841
0,0,3.95945
0,0,3.9605
0,0,3.96155
0,0,3.9626
0,0,3.96364
0,0,3.96469
0,0,3.96574
0,0,3.96678
0,0,3.96783
0,0,3.96888
0,0,3.96993
0,0,3.97097
0,0,3.97202
0,0,3.97307
0,0,3.97411
0,0,3.97516
0,0,3.97621
0,0,3.97726
0,0,3.9783
0,0,3.97935
0,0,3.9804
0,0,3.98145
0,0,3.98249
0,0,3.98354
0,0,3.98459
0,0,3.98563
0,0,3.98668
0,0,3.98773
0,0,3.98878
0,0,3.98982
0,0,3.99087
0,0,3.99192
0,0,3.99296
0,0,3.99401
0,0,3.99506
0,0,3.99611
0,0,3.99715
0,0,3.9982
0,0,3.99925
0,0,4.00029
0,0,4.00134
0,0,4.00239
0,0,4.00344
0,0,4.00448
0,0,4.00553
0,0,4.00658
0,0,4.00762
0,0,4.00867
0,0,4.00972
0,0,4.01077
0,0,4.01181
0,0,4.01286
0,0,4.01391
0,0,4.01496
0,0,4.016
0,0,4.01705
0,0,4.0181
0,0,4.01914
0,0,4.02019
0,0,4.02124
0,0,4.02229
0,0,4.02333
0,0,4.02438
0,0,4.02543
0,0,4.02647
0,0,4.02752
0,0,4.02857
0,0,4.02962
0,0,4.03066
0,0,4.03171
0,0,4.03276
0,0,4.0338
0,0,4.03485
0,0,4.0359
0,0,4.03695
0,0,4.03799
0,0,4.03904
0,0,4.04009
0,0,4.04114
0,0,4.04218
0,0,4.04323
0,0,4.04428
0,0,4.04532
0,0,4.04637
0,0,4.04742
0,0,4.04847
0,0,4.04951
0,0,4.05056
0,0,4.05161
0,0,4.05265
0,0,4.0537
0,0,4.05475
0,0,4.0558
0,0,4.05684
0,0,4.05789
0,0,4.05894
0,0,4.05998
0,0,4.06103
0,0,4.06208
0,0,4.06313
0,0,4.06417
0,0,4.06522
0,0,4.06627
0,0,4.06732
0,0,4.06836
0,0,4.06941
0,0,4.07046
0,0,4.0715
0,0,4.07255
0,0,4.0736
0,0,4.07465
0,0,4.07569
0,0,4.07674
0,0,4.07779
0,0,4.07883
0,0,4.07988
0,0,4.08093
0,0,4.08198
0,0,4.08302
0,0,4.08407
0,0,4.08512
0,0,4.08616
0,0,4.08721
0,0,4.08826
0,0,4.08931
0,0,4.09035
0,0,4.0914
0,0,4.09245
0,0,4.0935
0,0,4.09454
0,0,4.09559
0,0,4.09664
0,0,4.09768
0,0,4.09873
0,0,4.09978
0,0,4.10083
0,0,4.10187
0,0,4.10292
0,0,4.10397
0,0,4.10501
0,0,4.10606
0,0,4.10711
0,0,4.10816
0,0,4.1092
0,0,4.11025
0,0,4.1113
0,0,4.11234
0,0,4.11339
0,0,4.11444
0,0,4.11549
0,0,4.11653
0,0,4.11758
0,0,4.11863
0,0,4.11968
0,0,4.12072
0,0,4.12177
0,0,4.12282
0,0,4.12386
0,0,4.12491
0,0,4.12596
0,0,4.12701
0,0,4.12805
0,0,4.1291
0,0,4.13015
0,0,4.13119
0,0,4.13224
0,0,4.13329
0,0,4.13434
0,0,4.13538
0,0,4.13643
0,0,4.13748
0,0,4.13852
0,0,4.13957
0,0,4.14062
0,0,4.14167
0,0,4.14271
0,0,4.14376
0,0,4.14481
0,0,4.14586
0,0,4.1469
0,0,4.14795
0,0,4.149
0,0,4.15004
0,0,4.15109
0,0,4.15214
0,0,4.15319
0,0,4.15423
0,0,4.15528
0,0,4.15633
0,0,4.15737
0,0,4.15842
0,0,4.15947
0,0,4.16052
0,0,4.16156
0,0,4.16261
0,0,4.16366
0,0,4.1647
0,0,4.16575
0,0,4.1668
0,0,4.16785
0,0,4.16889
0,0,4.16994
0,0,4.17099
0,0,4.17203
0,0,4.17308
0,0,4.17413
0,0,4.17518
0,0,4.17622
0,0,4.17727
0,0,4.17832
0,0,4.17937
0,0,4.18041
0,0,4.18146
0,0,4.18251
0,0,4.18355
0,0,4.1846
0,0,4.18565
0,0,4.1867
0,0,4.18774
0,0,4.18879
0,0,4.18984
0,0,4.19088
0,0,4.19193
0,0,4.19298
0,0,4.19403
0,0,4.19507
0,0,4.19612
0,0,4.19717
0,0,4.19821
0,0,4.19926
0,0,4.20031
0,0,4.20136
0,0,4.2024
0,0,4.20345
0,0,4.2045
0,0,4.20555
0,0,4.20659
0,0,4.20764
0,0,4.20869
0,0,4.20973
0,0,4.21078
0,0,4.21183
0,0,4.21288
0,0,4.21392
0,0,4.21497
0,0,4.21602
0,0,4.21706
0,0,4.21811
0,0,4.21916
0,0,4.22021
0,0,4.22125
0,0,4.2223
0,0,4.22335
0,0,4.22439
0,0,4.22544
0,0,4.22649
0,0,4.22754
0,0,4.22858
0,0,4.22963
0,0,4.23068
0,0,4.23173
0,0,4.23277
0,0,4.23382
0,0,4.23487
0,0,4.23591
0,0,4.23696
0,0,4.23801
0,0,4.23906
0,0,4.2401
0,0,4.24115
0,0,4.2422
0,0,4.24324
0,0,4.24429
0,0,4.24534
0,0,4.24639
0,0,4.24743
0,0,4.24848
0,0,4.24953
0,0,4.25057
0,0,4.25162
0,0,4.25267
0,0,4.25372
0,0,4.25476
0,0,4.25581
0,0,4.25686
0,0,4.25791
0,0,4.25895
0,0,4.26
0,0,4.26105
0,0,4.26209
0,0,4.26314
0,0,4.26419
0,0,4.26524
0,0,4.26628
0,0,4.26733
0,0,4.26838
0,0,4.26942
0,0,4.27047
0,0,4.27152
0,0,4.27257
0,0,4.27361
0,0,4.27466
0,0,4.27571
0,0,4.27675
0,0,4.2778
0,0,4.27885
0,0,4.2799
0,0,4.28094
0,0,4.28199
0,0,4.28304
0,0,4.28409
0,0,4.28513
0,0,4.28618
0,0,4.28723
0,0,4.28827
0,0,4.28932
0,0,4.29037
0,0,4.29142
0,0,4.29246
0,0,4.29351
0,0,4.29456
0,0,4.2956
0,0,4.29665
0,0,4.2977
0,0,4.29875
0,0,4.29979
0,0,4.30084
0,0,4.30189
0,0,4.30293
0,0,4.30398
0,0,4.30503
0,0,4.30608
0,0,4.30712
0,0,4.30817
0,0,4.30922
0,0,4.31027
0,0,4.31131
0,0,4.31236
0,0,4.31341
0,0,4.31445
0,0,4.3155
0,0,4.31655
0,0,4.3176
0,0,4.31864
0,0,4.31969
0,0,4.32074
0,0,4.32178
0,0,4.32283
0,0,4.32388
0,0,4.32493
0,0,4.32597
0,0,4.32702
0,0,4.32807
0,0,4.32911
0,0,4.33016
0,0,4.33121
0,0,4.33226
0,0,4.3333
0,0,4.33435
0,0,4.3354
0,0,4.33645
0,0,4.33749
0,0,4.33854
0,0,4.33959
0,0,4.34063
0,0,4.34168
0,0,4.34273
0,0,4.34378
0,0,4.34482
0,0,4.34587
0,0,4.34692
0,0,4.34796
0,0,4.34901
0,0,4.35006
0,0,4.35111
0,0,4.35215
0,0,4.3532
0,0,4.35425
0,0,4.35529
0,0,4.35634
0,0,4.35739
0,0,4.35844
0,0,4.35948
0,0,4.36053
0,0,4.36158
0,0,4.36262
0,0,4.36367
0,0,4.36472
0,0,4.36577
0,0,4.36681
0,0,4.36786
0,0,4.36891
0,0,4.36996
0,0,4.371
0,0,4.37205
0,0,4.3731
0,0,4.37414
0,0,4.37519
0,0,4.37624
0,0,4.37729
0,0,4.37833
0,0,4.37938
0,0,4.38043
0,0,4.38147
0,0,4.38252
0,0,4.38357
0,0,4.38462
0,0,4.38566
0,0,4.38671
0,0,4.38776
0,0,4.3888
0,0,4.38985
0,0,4.3909
0,0,4.39195
0,0,4.39299
0,0,4.39404
0,0,4.39509
0,0,4.39614
0,0,4.39718
0,0,4.39823
0,0,4.39928
0,0,4.40032
0,0,4.40137
0,0,4.40242
0,0,4.40347
0,0,4.40451
0,0,4.40556
0,0,4.40661
0,0,4.40765
0,0,4.4087
0,0,4.40975
0,0,4.4108
0,0,4.41184
0,0,4.41289
0,0,4.41394
0,0,4.41498
0,0,4.41603
0,0,4.41708
0,0,4.41813
0,0,4.41917
0,0,4.42022
0,0,4.42127
0,0,4.42232
0,0,4.42336
0,0,4.42441
0,0,4.42546
0,0,4.4265
0,0,4.42755
0,0,4.4286
0,0,4.42965
0,0,4.43069
0,0,4.43174
0,0,4.43279
0,0,4.43383
0,0,4.43488
0,0,4.43593
0,0,4.43698
0,0,4.43802
0,0,4.43907
0,0,4.44012
0,0,4.44116
0,0,4.44221
0,0,4.44326
0,0,4.44431
0,0,4.44535
0,0,4.4464
0,0,4.44745
0,0,4.4485
0,0,4.44954
0,0,4.45059
0,0,4.45164
0,0,4.45268
0,0,4.45373
0,0,4.45478
0,0,4.45583
0,0,4.45687
0,0,4.45792
0,0,4.45897
0,0,4.46001
0,0,4.46106
0,0,4.46211
0,0,4.46316
0,0,4.4642
0,0,4.46525
0,0,4.4663
0,0,4.46734
0,0,4.46839
0,0,4.46944
0,0,4.47049
0,0,4.47153
0,0,4.47258
0,0,4.47363
0,0,4.47468
0,0,4.47572
0,0,4.47677
0,0,4.47782
0,0,4.47886
0,0,4.47991
0,0,4.48096
0,0,4.48201
0,0,4.48305
0,0,4.4841
0,0,4.48515
0,0,4.48619
0,0,4.48724
0,0,4.48829
0,0,4.48934
0,0,4.49038
0,0,4.49143
0,0,4.49248
0,0,4.49352
0,0,4.49457
0,0,4.49562
0,0,4.49667
0,0,4.49771
0,0,4.49876
0,0,4.49981
0,0,4.50086
0,0,4.5019
0,0,4.50295
0,0,4.504
0,0,4.50504
0,0,4.50609
0,0,4.50714
0,0,4.50819
0,0,4.50923
0,0,4.51028
0,0,4.51133
0,0,4.51237
0,0,4.51342
0,0,4.51447
0,0,4.51552
0,0,4.51656
0,0,4.51761
0,0,4.51866
0,0,4.5197
0,0,4.52075
0,0,4.5218
0,0,4.52285
0,0,4.52389
0,0,4.52494
0,0,4.52599
0,0,4.52703
0,0,4.52808
0,0,4.52913
0,0,4.53018
0,0,4.53122
0,0,4.53227
0,0,4.53332
0,0,4.53437
0,0,4.53541
0,0,4.53646
0,0,4.53751
0,0,4.53855
0,0,4.5396
0,0,4.54065
0,0,4.5417
0,0,4.54274
0,0,4.54379
0,0,4.54484
0,0,4.54588
0,0,4.54693
0,0,4.54798
0,0,4.54903
0,0,4.55007
0,0,4.55112
0,0,4.55217
0,0,4.55321
0,0,4.55426
0,0,4.55531
0,0,4.55636
0,0,4.5574
0,0,4.55845
0,0,4.5595
0,0,4.56055
0,0,4.56159
0,0,4.56264
0,0,4.56369
0,0,4.56473
0,0,4.56578
0,0,4.56683
0,0,4.56788
0,0,4.56892
0,0,4.56997
0,0,4.57102
0,0,4.57206
0,0,4.57311
0,0,4.57416
0,0,4.57521
0,0,4.57625
0,0,4.5773
0,0,4.57835
0,0,4.57939
0,0,4.58044
0,0,4.58149
0,0,4.58254
0,0,4.58358
0,0,4.58463
0,0,4.58568
0,0,4.58673
0,0,4.58777
0,0,4.58882
0,0,4.58987
0,0,4.59091
0,0,4.59196
0,0,4.59301
0,0,4.59406
0,0,4.5951
0,0,4.59615
0,0,4.5972
0,0,4.59824
0,0,4.59929
0,0,4.60034
0,0,4.60139
0,0,4.60243
0,0,4.60348
0,0,4.60453
0,0,4.60557
0,0,4.60662
0,0,4.60767
0,0,4.60872
0,0,4.60976
0,0,4.61081
0,0,4.61186
0,0,4.61291
0,0,4.61395
0,0,4.615
0,0,4.61605
0,0,4.61709
0,0,4.61814
0,0,4.61919
0,0,4.62024
0,0,4.62128
0,0,4.62233
0,0,4.62338
0,0,4.62442
0,0,4.62547
0,0,4.62652
0,0,4.62757
0,0,4.62861
0,0,4.62966
0,0,4.63071
0,0,4.63175
0,0,4.6328
0,0,4.63385
0,0,4.6349
0,0,4.63594
0,0,4.63699
0,0,4.63804
0,0,4.63909
0,0,4.64013
0,0,4.64118
0,0,4.64223
0,0,4.64327
0,0,4.64432
0,0,4.64537
0,0,4.64642
0,0,4.64746
0,0,4.64851
0,0,4.64956
0,0,4.6506
0,0,4.65165
0,0,4.6527
0,0,4.65375
0,0,4.65479
0,0,4.65584
0,0,4.65689
0,0,4.65793
0,0,4.65898
0,0,4.66003
0,0,4.66108
0,0,4.66212
0,0,4.66317
0,0,4.66422
0,0,4.66527
0,0,4.66631
0,0,4.66736
0,0,4.66841
0,0,4.66945
0,0,4.6705
0,0,4.67155
0,0,4.6726
0,0,4.67364
0,0,4.67469
0,0,4.67574
0,0,4.67678
0,0,4.67783
0,0,4.67888
0,0,4.67993
0,0,4.68097
0,0,4.68202
0,0,4.68307
0,0,4.68411
0,0,4.68516
0,0,4.68621
0,0,4.68726
0,0,4.6883
0,0,4.68935
0,0,4.6904
0,0,4.69144
0,0,4.69249
0,0,4.69354
0,0,4.69459
0,0,4.69563
0,0,4.69668
0,0,4.69773
0,0,4.69878
0,0,4.69982
0,0,4.70087
0,0,4.70192
0,0,4.70296
0,0,4.70401
0,0,4.70506
0,0,4.70611
0,0,4.70715
0,0,4.7082
0,0,4.70925
0,0,4.71029
0,0,4.71134
0,0,4.71239
0,0,4.71344
0,0,4.71448
0,0,4.71553
0,0,4.71658
0,0,4.71762
0,0,4.71867
0,0,4.71972
0,0,4.72077
0,0,4.72181
0,0,4.72286
0,0,4.72391
0,0,4.72496
0,0,4.726
0,0,4.72705
0,0,4.7281
0,0,4.72914
0,0,4.73019
0,0,4.73124
0,0,4.73229
0,0,4.73333
0,0,4.73438
0,0,4.73543
0,0,4.73647
0,0,4.73752
0,0,4.73857
0,0,4.73962
0,0,4.74066
0,0,4.74171
0,0,4.74276
0,0,4.7438
0,0,4.74485
0,0,4.7459
0,0,4.74695
0,0,4.74799
0,0,4.74904
0,0,4.75009
0,0,4.75114
0,0,4.75218
0,0,4.75323
0,0,4.75428
0,0,4.75532
0,0,4.75637
0,0,4.75742
0,0,4.75847
0,0,4.75951
0,0,4.76056
0,0,4.76161
0,0,4.76265
0,0,4.7637
0,0,4.76475
0,0,4.7658
0,0,4.76684
0,0,4.76789
0,0,4.76894
0,0,4.76998
0,0,4.77103
0,0,4.77208
0,0,4.77313
0,0,4.77417
0,0,4.77522
0,0,4.77627
0,0,4.77732
0,0,4.77836
0,0,4.77941
0,0,4.78046
0,0,4.7815
0,0,4.78255
0,0,4.7836
0,0,4.78465
0,0,4.78569
0,0,4.78674
0,0,4.78779
0,0,4.78883
0,0,4.78988
0,0,4.79093
0,0,4.79198
0,0,4.79302
0,0,4.79407
0,0,4.79512
0,0,4.79616
0,0,4.79721
0,0,4.79826
0,0,4.79931
0,0,4.80035
0,0,4.8014
0,0,4.80245
0,0,4.8035
0,0,4.80454
0,0,4.80559
0,0,4.80664
0,0,4.80768
0,0,4.80873
0,0,4.80978
0,0,4.81083
0,0,4.81187
0,0,4.81292
0,0,4.81397
0,0,4.81501
0,0,4.81606
0,0,4.81711
0,0,4.81816
0,0,4.8192
0,0,4.82025
0,0,4.8213
0,0,4.82234
0,0,4.82339
0,0,4.82444
0,0,4.82549
0,0,4.82653
0,0,4.82758
0,0,4.82863
0,0,4.82968
0,0,4.83072
0,0,4.83177
0,0,4.83282
0,0,4.83386
0,0,4.83491
0,0,4.83596
0,0,4.83701
0,0,4.83805
0,0,4.8391
0,0,4.84015
0,0,4.84119
0,0,4.84224
0,0,4.84329
0,0,4.84434
0,0,4.84538
0,0,4.84643
0,0,4.84748
0,0,4.84852
0,0,4.84957
0,0,4.85062
0,0,4.85167
0,0,4.85271
0,0,4.85376
0,0,4.85481
0,0,4.85585
0,0,4.8569
0,0,4.85795
0,0,4.859
0,0,4.86004
0,0,4.86109
0,0,4.86214
0,0,4.86319
0,0,4.86423
0,0,4.86528
0,0,4.86633
0,0,4.86737
0,0,4.86842
0,0,4.86947
0,0,4.87052
0,0,4.87156
0,0,4.87261
0,0,4.87366
0,0,4.8747
0,0,4.87575
0,0,4.8768
0,0,4.87785
0,0,4.87889
0,0,4.87994
0,0,4.88099
0,0,4.88203
0,0,4.88308
0,0,4.88413
0,0,4.88518
0,0,4.88622
0,0,4.88727
0,0,4.88832
0,0,4.88937
0,0,4.89041
0,0,4.89146
0,0,4.89251
0,0,4.89355
0,0,4.8946
0,0,4.89565
0,0,4.8967
0,0,4.89774
0,0,4.89879
0,0,4.89984
0,0,4.90088
0,0,4.90193
0,0,4.90298
0,0,4.90403
0,0,4.90507
0,0,4.90612
0,0,4.90717
0,0,4.90821
0,0,4.90926
0,0,4.91031
0,0,4.91136
0,0,4.9124
0,0,4.91345
0,0,4.9145
0,0,4.91555
0,0,4.91659
0,0,4.91764
0,0,4.91869
0,0,4.91973
0,0,4.92078
0,0,4.92183
0,0,4.92288
0,0,4.92392
0,0,4.92497
0,0,4.92602
0,0,4.92706
0,0,4.92811
0,0,4.92916
0,0,4.93021
0,0,4.93125
0,0,4.9323
0,0,4.93335
0,0,4.93439
0,0,4.93544
0,0,4.93649
0,0,4.93754
0,0,4.93858
0,0,4.93963
0,0,4.94068
0,0,4.94173
0,0,4.94277
0,0,4.94382
0,0,4.94487
0,0,4.94591
0,0,4.94696
0,0,4.94801
0,0,4.94906
0,0,4.9501
0,0,4.95115
0,0,4.9522
0,0,4.95324
0,0,4.95429
0,0,4.95534
0,0,4.95639
0,0,4.95743
0,0,4.95848
0,0,4.95953
0,0,4.96057
0,0,4.96162
0,0,4.96267
0,0,4.96372
0,0,4.96476
0,0,4.96581
0,0,4.96686
0,0,4.96791
0,0,4.96895
0,0,4.97
0,0,4.97105
0,0,4.97209
0,0,4.97314
0,0,4.97419
0,0,4.97524
0,0,4.97628
0,0,4.97733
0,0,4.97838
0,0,4.97942
0,0,4.98047
0,0,4.98152
0,0,4.98257
0,0,4.98361
0,0,4.98466
0,0,4.98571
0,0,4.98675
0,0,4.9878
0,0,4.98885
0,0,4.9899
0,0,4.99094
0,0,4.99199
0,0,4.99304
0,0,4.99409
0,0,4.99513
0,0,4.99618
0,0,4.99723
0,0,4.99827
0,0,4.99932
0,0,5.00037
0,0,5.00142
0,0,5.00246
0,0,5.00351
0,0,5.00456
0,0,5.0056
0,0,5.00665
0,0,5.0077
0,0,5.00875
0,0,5.00979
0,0,5.01084
0,0,5.01189
0,0,5.01293
0,0,5.01398
0,0,5.01503
0,0,5.01608
0,0,5.01712
0,0,5.01817
0,0,5.01922
0,0,5.02026
0,0,5.02131
0,0,5.02236
0,0,5.02341
0,0,5.02445
0,0,5.0255
0,0,5.02655
0,0,5.0276
0,0,5.02864
0,0,5.02969
0,0,5.03074
0,0,5.03178
0,0,5.03283
0,0,5.03388
0,0,5.03493
0,0,5.03597
0,0,5.03702
0,0,5.03807
0,0,5.03911
0,0,5.04016
0,0,5.04121
0,0,5.04226
0,0,5.0433
0,0,5.04435
0,0,5.0454
0,0,5.04644
0,0,5.04749
0,0,5.04854
0,0,5.04959
0,0,5.05063
0,0,5.05168
0,0,5.05273
0,0,5.05378
0,0,5.05482
0,0,5.05587
0,0,5.05692
0,0,5.05796
0,0,5.05901
0,0,5.06006
0,0,5.06111
0,0,5.06215
0,0,5.0632
0,0,5.06425
0,0,5.06529
0,0,5.06634
0,0,5.06739
0,0,5.06844
0,0,5.06948
0,0,5.07053
0,0,5.07158
0,0,5.07262
0,0,5.07367
0,0,5.07472
0,0,5.07577
0,0,5.07681
0,0,5.07786
0,0,5.07891
0,0,5.07996
0,0,5.081
0,0,5.08205
0,0,5.0831
0,0,5.08414
0,0,5.08519
0,0,5.08624
0,0,5.08729
0,0,5.08833
0,0,5.08938
0,0,5.09043
0,0,5.09147
0,0,5.09252
0,0,5.09357
0,0,5.09462
0,0,5.09566
0,0,5.09671
0,0,5.09776
0,0,5.0988
0,0,5.09985
0,0,5.1009
0,0,5.10195
0,0,5.10299
0,0,5.10404
0,0,5.10509
0,0,5.10614
0,0,5.10718
0,0,5.10823
0,0,5.10928
0,0,5.11032
0,0,5.11137
0,0,5.11242
0,0,5.11347
0,0,5.11451
0,0,5.11556
0,0,5.11661
0,0,5.11765
0,0,5.1187
0,0,5.11975
0,0,5.1208
0,0,5.12184
0,0,5.12289
0,0,5.12394
0,0,5.12498
0,0,5.12603
0,0,5.12708
0,0,5.12813
0,0,5.12917
0,0,5.13022
0,0,5.13127
0,0,5.13232
0,0,5.13336
0,0,5.13441
0,0,5.13546
0,0,5.1365
0,0,5.13755
0,0,5.1386
0,0,5.13965
0,0,5.14069
0,0,5.14174
0,0,5.14279
0,0,5.14383
0,0,5.14488
0,0,5.14593
0,0,5.14698
0,0,5.14802
0,0,5.14907
0,0,5.15012
0,0,5.15116
0,0,5.15221
0,0,5.15326
0,0,5.15431
0,0,5.15535
0,0,5.1564
0,0,5.15745
0,0,5.1585
0,0,5.15954
0,0,5.16059
0,0,5.16164
0,0,5.16268
0,0,5.16373
0,0,5.16478
0,0,5.16583
0,0,5.16687
0,0,5.16792
0,0,5.16897
0,0,5.17001
0,0,5.17106
0,0,5.17211
0,0,5.17316
0,0,5.1742
0,0,5.17525
0,0,5.1763
0,0,5.17734
0,0,5.17839
0,0,5.17944
0,0,5.18049
0,0,5.18153
0,0,5.18258
0,0,5.18363
0,0,5.18468
0,0,5.18572
0,0,5.18677
0,0,5.18782
0,0,5.18886
0,0,5.18991
0,0,5.19096
0,0,5.19201
0,0,5.19305
0,0,5.1941
0,0,5.19515
0,0,5.19619
0,0,5.19724
0,0,5.19829
0,0,5.19934
0,0,5.20038
0,0,5.20143
0,0,5.20248
0,0,5.20352
0,0,5.20457
0,0,5.20562
0,0,5.20667
0,0,5.20771
0,0,5.20876
0,0,5.20981
0,0,5.21085
0,0,5.2119
0,0,5.21295
0,0,5.214
0,0,5.21504
0,0,5.21609
0,0,5.21714
0,0,5.21819
0,0,5.21923
0,0,5.22028
0,0,5.22133
0,0,5.22237
0,0,5.22342
0,0,5.22447
0,0,5.22552
0,0,5.22656
0,0,5.22761
0,0,5.22866
0,0,5.2297
0,0,5.23075
0,0,5.2318
0,0,5.23285
0,0,5.23389
0,0,5.23494
0,0,5.23599
0,0,5.23703
0,0,5.23808
0,0,5.23913
0,0,5.24018
0,0,5.24122
0,0,5.24227
0,0,5.24332
0,0,5.24437
0,0,5.24541
0,0,5.24646
0,0,5.24751
0,0,5.24855
0,0,5.2496
0,0,5.25065
0,0,5.2517
0,0,5.25274
0,0,5.25379
0,0,5.25484
0,0,5.25588
0,0,5.25693
0,0,5.25798
0,0,5.25903
0,0,5.26007
0,0,5.26112
0,0,5.26217
0,0,5.26321
0,0,5.26426
0,0,5.26531
0,0,5.26636
0,0,5.2674
0,0,5.26845
0,0,5.2695
0,0,5.27055
0,0,5.27159
0,0,5.27264
0,0,5.27369
0,0,5.27473
0,0,5.27578
0,0,5.27683
0,0,5.27788
0,0,5.27892
0,0,5.27997
0,0,5.28102
0,0,5.28206
0,0,5.28311
0,0,5.28416
0,0,5.28521
0,0,5.28625
0,0,5.2873
0,0,5.28835
0,0,5.28939
0,0,5.29044
0,0,5.29149
0,0,5.29254
0,0,5.29358
0,0,5.29463
0,0,5.29568
0,0,5.29673
0,0,5.29777
0,0,5.29882
0,0,5.29987
0,0,5.30091
0,0,5.30196
0,0,5.30301
0,0,5.30406
0,0,5.3051
0,0,5.30615
0,0,5.3072
0,0,5.30824
0,0,5.30929
0,0,5.31034
0,0,5.31139
0,0,5.31243
0,0,5.31348
0,0,5.31453
0,0,5.31557
0,0,5.31662
0,0,5.31767
0,0,5.31872
0,0,5.31976
0,0,5.32081
0,0,5.32186
0,0,5.32291
0,0,5.32395
0,0,5.325
0,0,5.32605
0,0,5.32709
0,0,5.32814
0,0,5.32919
0,0,5.33024
0,0,5.33128
0,0,5.33233
0,0,5.33338
0,0,5.33442
0,0,5.33547
0,0,5.33652
0,0,5.33757
0,0,5.33861
0,0,5.33966
0,0,5.34071
0,0,5.34175
0,0,5.3428
0,0,5.34385
0,0,5.3449
0,0,5.34594
0,0,5.34699
0,0,5.34804
0,0,5.34909
0,0,5.35013
0,0,5.35118
0,0,5.35223
0,0,5.35327
0,0,5.35432
0,0,5.35537
0,0,5.35642
0,0,5.35746
0,0,5.35851
0,0,5.35956
0,0,5.3606
0,0,5.36165
0,0,5.3627
0,0,5.36375
0,0,5.36479
0,0,5.36584
0,0,5.36689
0,0,5.36793
0,0,5.36898
0,0,5.37003
0,0,5.37108
0,0,5.37212
0,0,5.37317
0,0,5.37422
0,0,5.37526
0,0,5.37631
0,0,5.37736
0,0,5.37841
0,0,5.37945
0,0,5.3805
0,0,5.38155
0,0,5.3826
0,0,5.38364
0,0,5.38469
0,0,5.38574
0,0,5.38678
0,0,5.38783
0,0,5.38888
0,0,5.38993
0,0,5.39097
0,0,5.39202
0,0,5.39307
0,0,5.39411
0,0,5.39516
0,0,5.39621
0,0,5.39726
0,0,5.3983
0,0,5.39935
0,0,5.4004
0,0,5.40144
0,0,5.40249
0,0,5.40354
0,0,5.40459
0,0,5.40563
0,0,5.40668
0,0,5.40773
0,0,5.40878
0,0,5.40982
0,0,5.41087
0,0,5.41192
0,0,5.41296
0,0,5.41401
0,0,5.41506
0,0,5.41611
0,0,5.41715
0,0,5.4182
0,0,5.41925
0,0,5.42029
0,0,5.42134
0,0,5.42239
0,0,5.42344
0,0,5.42448
0,0,5.42553
0,0,5.42658
0,0,5.42762
0,0,5.42867
0,0,5.42972
0,0,5.43077
0,0,5.43181
0,0,5.43286
0,0,5.43391
0,0,5.43496
0,0,5.436
0,0,5.43705
0,0,5.4381
0,0,5.43914
0,0,5.44019
0,0,5.44124
0,0,5.44229
0,0,5.44333
0,0,5.44438
0,0,5.44543
0,0,5.44647
0,0,5.44752
0,0,5.44857
0,0,5.44962
0,0,5.45066
0,0,5.45171
0,0,5.45276
0,0,5.4538
0,0,5.45485
0,0,5.4559
0,0,5.45695
0,0,5.45799
0,0,5.45904
0,0,5.46009
0,0,5.46114
0,0,5.46218
0,0,5.46323
0,0,5.46428
0,0,5.46532
0,0,5.46637
0,0,5.46742
0,0,5.46847
0,0,5.46951
0,0,5.47056
0,0,5.47161
0,0,5.47265
0,0,5.4737
0,0,5.47475
0,0,5.4758
0,0,5.47684
0,0,5.47789
0,0,5.47894
0,0,5.47998
0,0,5.48103
0,0,5.48208
0,0,5.48313
0,0,5.48417
0,0,5.48522
0,0,5.48627
0,0,5.48732
0,0,5.48836
0,0,5.48941
0,0,5.49046
0,0,5.4915
0,0,5.49255
0,0,5.4936
0,0,5.49465
0,0,5.49569
0,0,5.49674
0,0,5.49779
0,0,5.49883
0,0,5.49988
0,0,5.50093
0,0,5.50198
0,0,5.50302
0,0,5.50407
0,0,5.50512
0,0,5.50616
0,0,5.50721
0,0,5.50826
0,0,5.50931
0,0,5.51035
0,0,5.5114
0,0,5.51245
0,0,5.5135
0,0,5.51454
0,0,5.51559
0,0,5.51664
0,0,5.51768
0,0,5.51873
0,0,5.51978
0,0,5.52083
0,0,5.52187
0,0,5.52292
0,0,5.52397
0,0,5.52501
0,0,5.52606
0,0,5.52711
0,0,5.52816
0,0,5.5292
0,0,5.53025
0,0,5.5313
0,0,5.53234
0,0,5.53339
0,0,5.53444
0,0,5.53549
0,0,5.53653
0,0,5.53758
0,0,5.53863
0,0,5.53967
0,0,5.54072
0,0,5.54177
0,0,5.54282
0,0,5.54386
0,0,5.54491
0,0,5.54596
0,0,5.54701
0,0,5.54805
0,0,5.5491
0,0,5.55015
0,0,5.55119
0,0,5.55224
0,0,5.55329
0,0,5.55434
0,0,5.55538
0,0,5.55643
0,0,5.55748
0,0,5.55852
0,0,5.55957
0,0,5.56062
0,0,5.56167
0,0,5.56271
0,0,5.56376
0,0,5.56481
0,0,5.56585
0,0,5.5669
0,0,5.56795
0,0,5.569
0,0,5.57004
0,0,5.57109
0,0,5.57214
0,0,5.57319
0,0,5.57423
0,0,5.57528
0,0,5.57633
0,0,5.57737
0,0,5.57842
0,0,5.57947
0,0,5.58052
0,0,5.58156
0,0,5.58261
0,0,5.58366
0,0,5.5847
0,0,5.58575
0,0,5.5868
0,0,5.58785
0,0,5.58889
0,0,5.58994
0,0,5.59099
0,0,5.59203
0,0,5.59308
0,0,5.59413
0,0,5.59518
0,0,5.59622
0,0,5.59727
0,0,5.59832
0,0,5.59937
0,0,5.60041
0,0,5.60146
0,0,5.60251
0,0,5.60355
0,0,5.6046
0,0,5.60565
0,0,5.6067
0,0,5.60774
0,0,5.60879
0,0,5.60984
0,0,5.61088
0,0,5.61193
0,0,5.61298
0,0,5.61403
0,0,5.61507
0,0,5.61612
0,0,5.61717
0,0,5.61821
0,0,5.61926
0,0,5.62031
0,0,5.62136
0,0,5.6224
0,0,5.62345
0,0,5.6245
0,0,5.62555
0,0,5.62659
0,0,5.62764
0,0,5.62869
0,0,5.62973
0,0,5.63078
0,0,5.63183
0,0,5.63288
0,0,5.63392
0,0,5.63497
0,0,5.63602
0,0,5.63706
0,0,5.63811
0,0,5.63916
0,0,5.64021
0,0,5.64125
0,0,5.6423
0,0,5.64335
0,0,5.64439
0,0,5.64544
0,0,5.64649
0,0,5.64754
0,0,5.64858
0,0,5.64963
0,0,5.65068
0,0,5.65173
0,0,5.65277
0,0,5.65382
0,0,5.65487
0,0,5.65591
0,0,5.65696
0,0,5.65801
0,0,5.65906
0,0,5.6601
0,0,5.66115
0,0,5.6622
0,0,5.66324
0,0,5.66429
0,0,5.66534
0,0,5.66639
0,0,5.66743
0,0,5.66848
0,0,5.66953
0,0,5.67057
0,0,5.67162
0,0,5.67267
0,0,5.67372
0,0,5.67476
0,0,5.67581
0,0,5.67686
0,0,5.67791
0,0,5.67895
0,0,5.68
0,0,5.68105
0,0,5.68209
0,0,5.68314
0,0,5.68419
0,0,5.68524
0,0,5.68628
0,0,5.68733
0,0,5.68838
0,0,5.68942
0,0,5.69047
0,0,5.69152
0,0,5.69257
0,0,5.69361
0,0,5.69466
0,0,5.69571
0,0,5.69675
0,0,5.6978
0,0,5.69885
0,0,5.6999
0,0,5.70094
0,0,5.70199
0,0,5.70304
0,0,5.70408
0,0,5.70513
0,0,5.70618
0,0,5.70723
0,0,5.70827
0,0,5.70932
0,0,5.71037
0,0,5.71142
0,0,5.71246
0,0,5.71351
0,0,5.71456
0,0,5.7156
0,0,5.71665
0,0,5.7177
0,0,5.71875
0,0,5.71979
0,0,5.72084
0,0,5.72189
0,0,5.72293
0,0,5.72398
0,0,5.72503
0,0,5.72608
0,0,5.72712
0,0,5.72817
0,0,5.72922
0,0,5.73026
0,0,5.73131
0,0,5.73236
0,0,5.73341
0,0,5.73445
0,0,5.7355
0,0,5.73655
0,0,5.7376
0,0,5.73864
0,0,5.73969
0,0,5.74074
0,0,5.74178
0,0,5.74283
0,0,5.74388
0,0,5.74493
0,0,5.74597
0,0,5.74702
0,0,5.74807
0,0,5.74911
0,0,5.75016
0,0,5.75121
0,0,5.75226
0,0,5.7533
0,0,5.75435
0,0,5.7554
0,0,5.75644
0,0,5.75749
0,0,5.75854
0,0,5.75959
0,0,5.76063
0,0,5.76168
0,0,5.76273
0,0,5.76378
0,0,5.76482
0,0,5.76587
0,0,5.76692
0,0,5.76796
0,0,5.76901
0,0,5.77006
0,0,5.77111
0,0,5.77215
0,0,5.7732
0,0,5.77425
0,0,5.77529
0,0,5.77634
0,0,5.77739
0,0,5.77844
0,0,5.77948
0,0,5.78053
0,0,5.78158
0,0,5.78262
0,0,5.78367
0,0,5.78472
0,0,5.78577
0,0,5.78681
0,0,5.78786
0,0,5.78891
0,0,5.78996
0,0,5.791
0,0,5.79205
0,0,5.7931
0,0,5.79414
0,0,5.79519
0,0,5.79624
0,0,5.79729
0,0,5.79833
0,0,5.79938
0,0,5.80043
0,0,5.80147
0,0,5.80252
0,0,5.80357
0,0,5.80462
0,0,5.80566
0,0,5.80671
0,0,5.80776
0,0,5.8088
0,0,5.80985
0,0,5.8109
0,0,5.81195
0,0,5.81299
0,0,5.81404
0,0,5.81509
0,0,5.81614
0,0,5.81718
0,0,5.81823
0,0,5.81928
0,0,5.82032
0,0,5.82137
0,0,5.82242
0,0,5.82347
0,0,5.82451
0,0,5.82556
0,0,5.82661
0,0,5.82765
0,0,5.8287
0,0,5.82975
0,0,5.8308
0,0,5.83184
0,0,5.83289
0,0,5.83394
0,0,5.83498
0,0,5.83603
0,0,5.83708
0,0,5.83813
0,0,5.83917
0,0,5.84022
0,0,5.84127
0,0,5.84232
0,0,5.84336
0,0,5.84441
0,0,5.84546
0,0,5.8465
0,0,5.84755
0,0,5.8486
0,0,5.84965
0,0,5.85069
0,0,5.85174
0,0,5.85279
0,0,5.85383
0,0,5.85488
0,0,5.85593
0,0,5.85698
0,0,5.85802
0,0,5.85907
0,0,5.86012
0,0,5.86116
0,0,5.86221
0,0,5.86326
0,0,5.86431
0,0,5.86535
0,0,5.8664
0,0,5.86745
0,0,5.8685
0,0,5.86954
0,0,5.87059
0,0,5.87164
0,0,5.87268
0,0,5.87373
0,0,5.87478
0,0,5.87583
0,0,5.87687
0,0,5.87792
0,0,5.87897
0,0,5.88001
0,0,5.88106
0,0,5.88211
0,0,5.88316
0,0,5.8842
0,0,5.88525
0,0,5.8863
0,0,5.88734
0,0,5.88839
0,0,5.88944
0,0,5.89049
0,0,5.89153
0,0,5.89258
0,0,5.89363
0,0,5.89467
0,0,5.89572
0,0,5.89677
0,0,5.89782
0,0,5.89886
0,0,5.89991
0,0,5.90096
0,0,5.90201
0,0,5.90305
0,0,5.9041
0,0,5.90515
0,0,5.90619
0,0,5.90724
0,0,5.90829
0,0,5.90934
0,0,5.91038
0,0,5.91143
0,0,5.91248
0,0,5.91352
0,0,5.91457
0,0,5.91562
0,0,5.91667
0,0,5.91771
0,0,5.91876
0,0,5.91981
0,0,5.92085
0,0,5.9219
0,0,5.92295
0,0,5.924
0,0,5.92504
0,0,5.92609
0,0,5.92714
0,0,5.92819
0,0,5.92923
0,0,5.93028
0,0,5.93133
0,0,5.93237
0,0,5.93342
0,0,5.93447
0,0,5.93552
0,0,5.93656
0,0,5.93761
0,0,5.93866
0,0,5.9397
0,0,5.94075
0,0,5.9418
0,0,5.94285
0,0,5.94389
0,0,5.94494
0,0,5.94599
0,0,5.94703
0,0,5.94808
0,0,5.94913
0,0,5.95018
0,0,5.95122
0,0,5.95227
0,0,5.95332
0,0,5.95437
0,0,5.95541
0,0,5.95646
0,0,5.95751
0,0,5.95855
0,0,5.9596
0,0,5.96065
0,0,5.9617
0,0,5.96274
0,0,5.96379
0,0,5.96484
0,0,5.96588
0,0,5.96693
0,0,5.96798
0,0,5.96903
0,0,5.97007
0,0,5.97112
0,0,5.97217
0,0,5.97321
0,0,5.97426
0,0,5.97531
0,0,5.97636
0,0,5.9774
0,0,5.97845
0,0,5.9795
0,0,5.98055
0,0,5.98159
0,0,5.98264
0,0,5.98369
0,0,5.98473
0,0,5.98578
0,0,5.98683
0,0,5.98788
0,0,5.98892
0,0,5.98997
0,0,5.99102
0,0,5.99206
0,0,5.99311
0,0,5.99416
0,0,5.99521
0,0,5.99625
0,0,5.9973
0,0,5.99835
0,0,5.99939
0,0,6.00044
0,0,6.00149
0,0,6.00254
0,0,6.00358
0,0,6.00463
0,0,6.00568
0,0,6.00673
0,0,6.00777
0,0,6.00882
0,0,6.00987
0,0,6.01091
0,0,6.01196
0,0,6.01301
0,0,6.01406
0,0,6.0151
0,0,6.01615
0,0,6.0172
0,0,6.01824
0,0,6.01929
0,0,6.02034
0,0,6.02139
0,0,6.02243
0,0,6.02348
0,0,6.02453
0,0,6.02557
0,0,6.02662
0,0,6.02767
0,0,6.02872
0,0,6.02976
0,0,6.03081
0,0,6.03186
0,0,6.03291
0,0,6.03395
0,0,6.035
0,0,6.03605
0,0,6.03709
0,0,6.03814
0,0,6.03919
0,0,6.04024
0,0,6.04128
0,0,6.04233
0,0,6.04338
0,0,6.04442
0,0,6.04547
0,0,6.04652
0,0,6.04757
0,0,6.04861
0,0,6.04966
0,0,6.05071
0,0,6.05175
0,0,6.0528
0,0,6.05385
0,0,6.0549
0,0,6.05594
0,0,6.05699
0,0,6.05804
0,0,6.05908
0,0,6.06013
0,0,6.06118
0,0,6.06223
0,0,6.06327
0,0,6.06432
0,0,6.06537
0,0,6.06642
0,0,6.06746
0,0,6.06851
0,0,6.06956
0,0,6.0706
0,0,6.07165
0,0,6.0727
0,0,6.07375
0,0,6.07479
0,0,6.07584
0,0,6.07689
0,0,6.07793
0,0,6.07898
0,0,6.08003
0,0,6.08108
0,0,6.08212
0,0,6.08317
0,0,6.08422
0,0,6.08526
0,0,6.08631
0,0,6.08736
0,0,6.08841
0,0,6.08945
0,0,6.0905
0,0,6.09155
0,0,6.0926
0,0,6.09364
0,0,6.09469
0,0,6.09574
0,0,6.09678
0,0,6.09783
0,0,6.09888
0,0,6.09993
0,0,6.10097
0,0,6.10202
0,0,6.10307
0,0,6.10411
0,0,6.10516
0,0,6.10621
0,0,6.10726
0,0,6.1083
0,0,6.10935
0,0,6.1104
0,0,6.11144
0,0,6.11249
0,0,6.11354
0,0,6.11459
0,0,6.11563
0,0,6.11668
0,0,6.11773
0,0,6.11878
0,0,6.11982
0,0,6.12087
0,0,6.12192
0,0,6.12296
0,0,6.12401
0,0,6.12506
0,0,6.12611
0,0,6.12715
0,0,6.1282
0,0,6.12925
0,0,6.13029
0,0,6.13134
0,0,6.13239
0,0,6.13344
0,0,6.13448
0,0,6.13553
0,0,6.13658
0,0,6.13762
0,0,6.13867
0,0,6.13972
0,0,6.14077
0,0,6.14181
0,0,6.14286
0,0,6.14391
0,0,6.14496
0,0,6.146
0,0,6.14705
0,0,6.1481
0,0,6.14914
0,0,6.15019
0,0,6.15124
0,0,6.15229
0,0,6.15333
0,0,6.15438
0,0,6.15543
0,0,6.15647
0,0,6.15752
0,0,6.15857
0,0,6.15962
0,0,6.16066
0,0,6.16171
0,0,6.16276
0,0,6.1638
0,0,6.16485
0,0,6.1659
0,0,6.16695
0,0,6.16799
0,0,6.16904
0,0,6.17009
0,0,6.17114
0,0,6.17218
0,0,6.17323
0,0,6.17428
0,0,6.17532
0,0,6.17637
0,0,6.17742
0,0,6.17847
0,0,6.17951
0,0,6.18056
0,0,6.18161
0,0,6.18265
0,0,6.1837
0,0,6.18475
0,0,6.1858
0,0,6.18684
0,0,6.18789
0,0,6.18894
0,0,6.18998
0,0,6.19103
0,0,6.19208
0,0,6.19313
0,0,6.19417
0,0,6.19522
0,0,6.19627
0,0,6.19732
0,0,6.19836
0,0,6.19941
0,0,6.20046
0,0,6.2015
0,0,6.20255
0,0,6.2036
0,0,6.20465
0,0,6.20569
0,0,6.20674
0,0,6.20779
0,0,6.20883
0,0,6.20988
0,0,6.21093
0,0,6.21198
0,0,6.21302
0,0,6.21407
0,0,6.21512
0,0,6.21616
0,0,6.21721
0,0,6.21826
0,0,6.21931
0,0,6.22035
0,0,6.2214
0,0,6.22245
0,0,6.22349
0,0,6.22454
0,0,6.22559
0,0,6.22664
0,0,6.22768
0,0,6.22873
0,0,6.22978
0,0,6.23083
0,0,6.23187
0,0,6.23292
0,0,6.23397
0,0,6.23501
0,0,6.23606
0,0,6.23711
0,0,6.23816
0,0,6.2392
0,0,6.24025
0,0,6.2413
0,0,6.24234
0,0,6.24339
0,0,6.24444
0,0,6.24549
0,0,6.24653
0,0,6.24758
0,0,6.24863
0,0,6.24967
0,0,6.25072
0,0,6.25177
0,0,6.25282
0,0,6.25386
0,0,6.25491
0,0,6.25596
0,0,6.25701
0,0,6.25805
0,0,6.2591
0,0,6.26015
0,0,6.26119
0,0,6.26224
0,0,6.26329
0,0,6.26434
0,0,6.26538
0,0,6.26643
0,0,6.26748
0,0,6.26852
0,0,6.26957
0,0,6.27062
0,0,6.27167
0,0,6.27271
0,0,6.27376
0,0,6.27481
0,0,6.27585
0,0,6.2769
0,0,6.27795
0,0,6.279
0,0,6.28004
0,0,6.28109
0,0,6.28214
0,0,6.28319
