0,0,0.00044375
4.03898e-08,0,0.00133125
2.01949e-07,0,0.0026625
6.05847e-07,0,0.0044375
1.41364e-06,0,0.00665625
2.82729e-06,0,0.00931875
5.08912e-06,0,0.012425
8.48186e-06,0,0.015975
1.33286e-05,0,0.0199687
1.99929e-05,0,0.0244062
2.88787e-05,0,0.0292875
4.04301e-05,0,0.0346124
5.5132e-05,0,0.0403812
7.35093e-05,0,0.0465936
9.61274e-05,0,0.0532498
0.000123592,0,0.0603497
0.00015655,0,0.0678933
0.000195687,0,0.0758806
0.000241731,0,0.0843117
0.000295448,0,0.0931864
0.000357646,0,0.102505
0.000429174,0,0.112267
0.00051092,0,0.122472
0.000603812,0,0.133122
0.000708819,0,0.144215
0.000826952,0,0.155751
0.000959258,0,0.167731
0.00110683,0,0.180154
0.0012708,0,0.193021
0.00145233,0,0.206331
0.00165263,0,0.220085
0.00187296,0,0.234282
0.00211462,0,0.248922
0.00237891,0,0.264006
0.00266723,0,0.279532
0.00298099,0,0.295501
0.00332162,0,0.311914
0.00369063,0,0.328769
0.00408954,0,0.346067
0.00451994,0,0.363808
0.00498342,0,0.381991
0.00548164,0,0.400616
0.00601629,0,0.419684
0.00658911,0,0.439194
0.00720186,0,0.459146
0.00785634,0,0.479539
0.00855442,0,0.500374
0.00929798,0,0.521651
0.0100889,0,0.543369
0.0109293,0,0.565528
0.011821,0,0.588127
0.0127662,0,0.611167
0.0137668,0,0.634648
0.0148251,0,0.658568
0.0159432,0,0.682928
0.0171233,0,0.707728
0.0183676,0,0.732966
0.0196785,0,0.758643
0.0210581,0,0.784759
0.022509,0,0.811313
0.0240334,0,0.838304
0.0256338,0,0.865732
0.0273127,0,0.893598
0.0290726,0,0.921899
0.0309159,0,0.950636
0.0328454,0,0.979809
0.0348636,0,1.00942
0.0369731,0,1.03946
0.0391766,0,1.06993
0.0414769,0,1.10084
0.0438767,0,1.13218
0.0463789,0,1.16396
0.0489861,0,1.19616
0.0517014,0,1.22879
0.0545275,0,1.26186
0.0574675,0,1.29535
0.0605243,0,1.32927
0.0637008,0,1.36362
0.0670002,0,1.39839
0.0704254,0,1.43359
0.0739797,0,1.46922
0.077666,0,1.50527
0.0814876,0,1.54174
0.0854476,0,1.57863
0.0895493,0,1.61594
0.0937959,0,1.65368
0.0981908,0,1.69183
0.102737,0,1.73039
0.107438,0,1.76938
0.112298,0,1.80878
0.117319,0,1.84859
0.122505,0,1.88881
0.127859,0,1.92945
0.133385,0,1.97049
0.139087,0,2.01194
0.144968,0,2.0538
0.151031,0,2.09606
0.15728,0,2.13872
0.163719,0,2.18179
0.170351,0,2.22525
0.17718,0,2.26911
0.18421,0,2.31337
0.191443,0,2.35803
0.198885,0,2.40307
0.206538,0,2.4485
0.214406,0,2.49433
0.222493,0,2.54054
0.230804,0,2.58713
0.23934,0,2.6341
0.248107,0,2.68146
0.257108,0,2.72919
0.266347,0,2.77729
0.275828,0,2.82577
0.285554,0,2.87461
0.295529,0,2.92383
0.305758,0,2.97341
0.316243,0,3.02334
0.32699,0,3.07364
0.338001,0,3.1243
0.349281,0,3.17531
0.360833,0,3.22667
0.372661,0,3.27837
0.384769,0,3.33042
0.397161,0,3.38281
0.409841,0,3.43554
0.422812,0,3.48861
0.436079,0,3.542
0.449644,0,3.59572
0.463513,0,3.64977
0.477689,0,3.70414
0.492175,0,3.75882
0.506975,0,3.81382
0.522093,0,3.86913
0.537533,0,3.92474
0.553298,0,3.98066
0.569393,0,4.03687
0.58582,0,4.09337
0.602584,0,4.15017
0.619688,0,4.20725
0.637135,0,4.26461
0.65493,0,4.32225
0.673075,0,4.38016
0.691574,0,4.43833
0.710431,0,4.49677
0.729649,0,4.55547
0.749232,0,4.61442
0.769182,0,4.67362
0.789503,0,4.73306
0.810198,0,4.79274
0.831271,0,4.85266
0.852724,0,4.9128
0.874562,0,4.97317
0.896785,0,5.03375
0.919399,0,5.09454
0.942405,0,5.15555
0.965807,0,5.21675
0.989608,0,5.27815
1.01381,0,5.33974
1.03841,0,5.40151
1.06343,0,5.46346
1.08885,0,5.52558
1.11468,0,5.58787
1.14092,0,5.65032
1.16759,0,5.71292
1.19467,0,5.77567
1.22217,0,5.83856
1.25009,0,5.90159
1.27844,0,5.96474
1.30722,0,6.02802
1.33642,0,6.09141
1.36605,0,6.15492
1.39612,0,6.21852
1.42662,0,6.28222
1.45755,0,6.34601
1.48892,0,6.40987
1.52073,0,6.47382
1.55298,0,6.53783
1.58566,0,6.6019
1.61879,0,6.66603
1.65236,0,6.7302
1.68637,0,6.79441
1.72082,0,6.85865
1.75572,0,6.92292
1.79105,0,6.9872
1.82684,0,7.0515
1.86306,0,7.11579
1.89973,0,7.18008
1.93685,0,7.24436
1.9744,0,7.30862
2.0124,0,7.37285
2.05084,0,7.43704
2.08973,0,7.50119
2.12905,0,7.56529
2.16882,0,7.62933
2.20902,0,7.6933
2.24966,0,7.7572
2.29074,0,7.82101
2.33225,0,7.88474
2.37419,0,7.94837
2.41656,0,8.01189
2.45937,0,8.0753
2.5026,0,8.13858
2.54625,0,8.20174
2.59033,0,8.26476
2.63483,0,8.32764
2.67974,0,8.39036
2.72507,0,8.45293
2.77081,0,8.51533
2.81696,0,8.57755
2.86351,0,8.6396
2.91046,0,8.70146
2.95782,0,8.76312
3.00556,0,8.82458
3.0537,0,8.88583
3.10223,0,8.94686
3.15114,0,9.00768
3.20044,0,9.06826
3.25011,0,9.12861
3.30015,0,9.18872
3.35056,0,9.24858
3.40133,0,9.30819
3.45247,0,9.36754
3.50396,0,9.42663
3.5558,0,9.48544
3.60799,0,9.54398
3.66052,0,9.60223
3.71339,0,9.6602
3.7666,0,9.71788
3.82013,0,9.77525
3.87399,0,9.83233
3.92816,0,9.88909
3.98265,0,9.94554
4.03745,0,10.0017
4.09255,0,10.0575
4.14796,0,10.113
4.20365,0,10.1681
4.25964,0,10.2229
4.31591,0,10.2774
4.37246,0,10.3315
4.42929,0,10.3853
4.48638,0,10.4388
4.54374,0,10.4918
4.60136,0,10.5445
4.65923,0,10.5969
4.71735,0,10.6489
4.77571,0,10.7005
4.8343,0,10.7517
4.89313,0,10.8026
4.95219,0,10.853
5.01147,0,10.9031
5.07096,0,10.9528
5.13067,0,11.0021
5.19058,0,11.051
5.25069,0,11.0996
5.311,0,11.1477
5.37149,0,11.1954
5.43217,0,11.2427
5.49303,0,11.2896
5.55406,0,11.3361
5.61526,0,11.3822
5.67662,0,11.4279
5.73814,0,11.4732
5.79981,0,11.518
5.86163,0,11.5624
5.92359,0,11.6065
5.98569,0,11.65
6.04792,0,11.6932
6.11027,0,11.7359
6.17274,0,11.7782
6.23533,0,11.8201
6.29803,0,11.8616
6.36083,0,11.9026
6.42374,0,11.9432
6.48674,0,11.9833
6.54983,0,12.0231
6.613,0,12.0623
6.67626,0,12.1012
6.73959,0,12.1396
6.80299,0,12.1776
6.86645,0,12.2151
6.92997,0,12.2522
6.99355,0,12.2888
7.05718,0,12.3251
7.12086,0,12.3608
7.18458,0,12.3962
7.24833,0,12.431
7.31212,0,12.4655
7.37593,0,12.4995
7.43976,0,12.533
7.50361,0,12.5662
7.56748,0,12.5988
7.63135,0,12.6311
7.69523,0,12.6628
7.75911,0,12.6942
7.82298,0,12.7251
7.88685,0,12.7555
7.9507,0,12.7855
8.01454,0,12.8151
8.07835,0,12.8442
8.14214,0,12.8729
8.2059,0,12.9011
8.26962,0,12.9289
8.33331,0,12.9563
8.39696,0,12.9832
8.46056,0,13.0097
8.52411,0,13.0357
8.5876,0,13.0613
8.65104,0,13.0864
8.71442,0,13.1111
8.77773,0,13.1354
8.84098,0,13.1592
8.90415,0,13.1826
8.96725,0,13.2056
9.03027,0,13.2281
9.0932,0,13.2502
9.15605,0,13.2718
9.21881,0,13.293
9.28148,0,13.3138
9.34405,0,13.3341
9.40652,0,13.3541
9.46889,0,13.3735
9.53116,0,13.3926
9.59331,0,13.4112
9.65535,0,13.4294
9.71728,0,13.4472
9.77909,0,13.4645
9.84078,0,13.4814
9.90234,0,13.4979
9.96378,0,13.5139
10.0251,0,13.5296
10.0863,0,13.5448
10.1473,0,13.5596
10.2082,0,13.5739
10.269,0,13.5879
10.3296,0,13.6014
10.3901,0,13.6145
10.4504,0,13.6272
10.5105,0,13.6395
10.5706,0,13.6513
10.6304,0,13.6627
10.6901,0,13.6738
10.7497,0,13.6844
10.8091,0,13.6946
10.8683,0,13.7043
10.9273,0,13.7137
10.9862,0,13.7227
11.0449,0,13.7312
11.1035,0,13.7394
11.1618,0,13.7471
11.22,0,13.7544
11.278,0,13.7613
11.3359,0,13.7679
11.3935,0,13.774
11.451,0,13.7797
11.5083,0,13.785
11.5653,0,13.7899
11.6222,0,13.7944
11.6789,0,13.7985
11.7355,0,13.8022
11.7918,0,13.8055
11.8479,0,13.8084
11.9038,0,13.8109
11.9595,0,13.813
12.0151,0,13.8147
12.0704,0,13.8161
12.1255,0,13.817
12.1804,0,13.8175
12.2351,0,13.8177
12.2896,0,13.8174
12.3439,0,13.8168
12.398,0,13.8157
12.4519,0,13.8143
12.5056,0,13.8125
12.559,0,13.8103
12.6123,0,13.8077
12.6653,0,13.8047
12.7181,0,13.8013
12.7707,0,13.7975
12.8231,0,13.7934
12.8752,0,13.7889
12.9272,0,13.7839
12.9789,0,13.7786
13.0304,0,13.7729
13.0817,0,13.7669
13.1328,0,13.7604
13.1836,0,13.7535
13.2342,0,13.7463
13.2846,0,13.7387
13.3348,0,13.7307
13.3847,0,13.7223
13.4344,0,13.7136
13.4839,0,13.7044
13.5332,0,13.6949
13.5823,0,13.685
13.6311,0,13.6747
13.6797,0,13.664
13.728,0,13.6529
13.7762,0,13.6415
13.8241,0,13.6297
13.8718,0,13.6175
13.9193,0,13.6049
13.9665,0,13.5919
14.0135,0,13.5786
14.0603,0,13.5648
14.1069,0,13.5507
14.1532,0,13.5362
14.1993,0,13.5214
14.2452,0,13.5061
14.2908,0,13.4905
14.3363,0,13.4745
14.3815,0,13.458
14.4264,0,13.4413
14.4712,0,13.4241
14.5157,0,13.4065
14.56,0,13.3886
14.6041,0,13.3703
14.648,0,13.3516
14.6916,0,13.3325
14.735,0,13.313
14.7782,0,13.2932
14.8212,0,13.2729
14.864,0,13.2523
14.9065,0,13.2313
14.9488,0,13.2099
14.9909,0,13.1881
15.0328,0,13.166
15.0744,0,13.1434
15.1159,0,13.1204
15.1571,0,13.0971
15.1982,0,13.0734
15.239,0,13.0493
15.2796,0,13.0248
15.32,0,12.9999
15.3601,0,12.9746
15.4001,0,12.9489
15.4399,0,12.9228
15.4794,0,12.8964
15.5188,0,12.8695
15.5579,0,12.8423
15.5969,0,12.8146
15.6356,0,12.7866
15.6742,0,12.7581
15.7125,0,12.7293
15.7507,0,12.7001
15.7887,0,12.6704
15.8264,0,12.6404
15.864,0,12.61
15.9014,0,12.5791
15.9386,0,12.5479
15.9756,0,12.5162
16.0125,0,12.4842
16.0491,0,12.4517
16.0856,0,12.4189
16.1219,0,12.3856
16.158,0,12.352
16.1939,0,12.3179
16.2297,0,12.2834
16.2653,0,12.2485
16.3007,0,12.2132
16.3359,0,12.1775
16.371,0,12.1414
16.406,0,12.1048
16.4407,0,12.0679
16.4753,0,12.0305
16.5098,0,11.9927
16.5441,0,11.9545
16.5783,0,11.9159
16.6123,0,11.8769
16.6461,0,11.8374
16.6798,0,11.7975
16.7134,0,11.7572
16.7469,0,11.7165
16.7802,0,11.6754
16.8133,0,11.6338
16.8464,0,11.5918
16.8793,0,11.5494
16.9121,0,11.5066
16.9447,0,11.4633
16.9773,0,11.4196
17.0097,0,11.3755
17.042,0,11.3309
17.0743,0,11.286
17.1064,0,11.2405
17.1384,0,11.1947
17.1703,0,11.1484
17.2021,0,11.1017
17.2338,0,11.0546
17.2654,0,11.007
17.297,0,10.959
17.3284,0,10.9105
17.3598,0,10.8616
17.3911,0,10.8123
17.4223,0,10.7625
17.4535,0,10.7123
17.4846,0,10.6617
17.5156,0,10.6106
17.5466,0,10.5591
17.5775,0,10.5071
17.6084,0,10.4547
17.6392,0,10.4019
17.67,0,10.3486
17.7008,0,10.2949
17.7315,0,10.2407
17.7622,0,10.1861
17.7929,0,10.1311
17.8235,0,10.0756
17.8541,0,10.0196
17.8847,0,9.96323
17.9153,0,9.90641
17.9459,0,9.84913
17.9765,0,9.79142
18.0071,0,9.73326
18.0377,0,9.67465
18.0684,0,9.61561
18.099,0,9.55612
18.1297,0,9.49618
18.1604,0,9.43581
18.1911,0,9.37499
18.2218,0,9.31373
18.2526,0,9.25202
18.2835,0,9.18988
18.3144,0,9.1273
18.3453,0,9.06427
18.3764,0,9.0008
18.4074,0,8.9369
18.4386,0,8.87256
18.4698,0,8.80778
18.5011,0,8.74256
18.5325,0,8.67691
18.564,0,8.61082
18.5955,0,8.5443
18.6272,0,8.47735
18.659,0,8.40997
18.6909,0,8.34216
18.7229,0,8.27391
18.755,0,8.20525
18.7873,0,8.13615
18.8196,0,8.06663
18.8522,0,7.99669
18.8848,0,7.92633
18.9176,0,7.85555
18.9506,0,7.78436
18.9837,0,7.71274
19.017,0,7.64072
19.0504,0,7.56828
19.084,0,7.49544
19.1178,0,7.42219
19.1518,0,7.34854
19.186,0,7.27448
19.2203,0,7.20003
19.2549,0,7.12518
19.2897,0,7.04994
19.3247,0,6.9743
19.3599,0,6.89828
19.3953,0,6.82188
19.4309,0,6.74509
19.4668,0,6.66793
19.5029,0,6.59039
19.5393,0,6.51247
19.5759,0,6.4342
19.6127,0,6.35555
19.6499,0,6.27655
19.6872,0,6.19719
19.7249,0,6.11747
19.7628,0,6.03741
19.801,0,5.957
19.8395,0,5.87625
19.8783,0,5.79517
19.9174,0,5.71375
19.9567,0,5.63201
19.9964,0,5.54994
20.0364,0,5.46756
20.0767,0,5.38486
20.1173,0,5.30185
20.1583,0,5.21854
20.1995,0,5.13493
20.2412,0,5.05103
20.2831,0,4.96685
20.3254,0,4.88238
20.368,0,4.79763
20.411,0,4.71261
20.4543,0,4.62733
20.498,0,4.54179
20.5421,0,4.45599
20.5865,0,4.36995
20.6314,0,4.28367
20.6765,0,4.19715
20.7221,0,4.1104
20.768,0,4.02344
20.8144,0,3.93625
20.8611,0,3.84886
20.9082,0,3.76127
20.9558,0,3.67348
21.0037,0,3.5855
21.052,0,3.49734
21.1007,0,3.40901
21.1499,0,3.32051
21.1995,0,3.23185
21.2494,0,3.14304
21.2998,0,3.05409
21.3507,0,2.965
21.4019,0,2.87578
21.4536,0,2.78644
21.5057,0,2.69698
21.5582,0,2.60742
21.6112,0,2.51776
21.6646,0,2.42801
21.7184,0,2.33818
21.7727,0,2.24828
21.8274,0,2.1583
21.8826,0,2.06827
21.9381,0,1.97819
21.9942,0,1.88807
22.0507,0,1.79791
22.1076,0,1.70773
22.1649,0,1.61752
22.2228,0,1.52731
22.281,0,1.43709
22.3397,0,1.34688
22.3988,0,1.25668
22.4584,0,1.16651
22.5184,0,1.07636
22.5789,0,0.986257
22.6398,0,0.896195
22.7012,0,0.806186
22.7629,0,0.71624
22.8252,0,0.626363
22.8878,0,0.536564
22.9509,0,0.44685
23.0145,0,0.357229
23.0784,0,0.26771
23.1428,0,0.1783
23.2076,0,0.089006
23.2729,0,-0.000163026
23.3386,0,-0.0891999
23.4047,0,-0.178097
23.4712,0,-0.266846
23.5381,0,-0.355441
23.6054,0,-0.443873
23.6732,0,-0.532135
23.7413,0,-0.62022
23.8099,0,-0.708119
23.8789,0,-0.795827
23.9482,0,-0.883336
24.018,0,-0.970639
24.0881,0,-1.05773
24.1586,0,-1.1446
24.2295,0,-1.23124
24.3008,0,-1.31764
24.3725,0,-1.40381
24.4445,0,-1.48973
24.5169,0,-1.57539
24.5896,0,-1.66079
24.6627,0,-1.74593
24.7362,0,-1.83079
24.81,0,-1.91537
24.8841,0,-1.99967
24.9586,0,-2.08367
25.0334,0,-2.16738
25.1085,0,-2.25078
25.1839,0,-2.33387
25.2597,0,-2.41664
25.3357,0,-2.4991
25.4121,0,-2.58122
25.4887,0,-2.66302
25.5657,0,-2.74448
25.6429,0,-2.82559
25.7204,0,-2.90636
25.7981,0,-2.98677
25.8761,0,-3.06683
25.9544,0,-3.14652
26.033,0,-3.22585
26.1117,0,-3.30481
26.1907,0,-3.38339
26.27,0,-3.46159
26.3495,0,-3.53941
26.4291,0,-3.61684
26.509,0,-3.69387
26.5891,0,-3.77052
26.6694,0,-3.84676
26.7499,0,-3.9226
26.8305,0,-3.99804
26.9113,0,-4.07306
26.9923,0,-4.14768
27.0735,0,-4.22188
27.1548,0,-4.29566
27.2362,0,-4.36902
27.3178,0,-4.44196
27.3995,0,-4.51448
27.4813,0,-4.58656
27.5632,0,-4.65822
27.6453,0,-4.72944
27.7274,0,-4.80024
27.8096,0,-4.87059
27.8919,0,-4.94051
27.9743,0,-5.01
28.0567,0,-5.07904
28.1392,0,-5.14764
28.2217,0,-5.21581
28.3043,0,-5.28353
28.3869,0,-5.35081
28.4695,0,-5.41764
28.5522,0,-5.48403
28.6349,0,-5.54998
28.7175,0,-5.61548
28.8002,0,-5.68054
28.8828,0,-5.74516
28.9654,0,-5.80933
29.048,0,-5.87307
29.1305,0,-5.93635
29.213,0,-5.9992
29.2955,0,-6.06161
29.3778,0,-6.12358
29.4601,0,-6.18511
29.5423,0,-6.2462
29.6245,0,-6.30686
29.7065,0,-6.36709
29.7884,0,-6.42688
29.8703,0,-6.48625
29.952,0,-6.54519
30.0335,0,-6.6037
30.115,0,-6.66179
30.1963,0,-6.71946
30.2774,0,-6.77671
30.3584,0,-6.83354
30.4393,0,-6.88997
30.5199,0,-6.94598
30.6004,0,-7.00159
30.6807,0,-7.0568
30.7608,0,-7.11161
30.8407,0,-7.16602
30.9204,0,-7.22004
30.9998,0,-7.27367
31.0791,0,-7.32692
31.1581,0,-7.37979
31.2369,0,-7.43228
31.3154,0,-7.4844
31.3937,0,-7.53615
31.4718,0,-7.58755
31.5495,0,-7.63858
31.627,0,-7.68926
31.7043,0,-7.7396
31.7812,0,-7.78959
31.8579,0,-7.83924
31.9342,0,-7.88856
32.0103,0,-7.93756
32.086,0,-7.98623
32.1615,0,-8.03458
32.2366,0,-8.08263
32.3114,0,-8.13037
32.3859,0,-8.17782
32.46,0,-8.22497
32.5338,0,-8.27183
32.6073,0,-8.31842
32.6804,0,-8.36473
32.7532,0,-8.41077
32.8256,0,-8.45655
32.8976,0,-8.50208
32.9693,0,-8.54736
33.0406,0,-8.59239
33.1115,0,-8.6372
33.182,0,-8.68177
33.2522,0,-8.72613
33.3219,0,-8.77027
33.3913,0,-8.8142
33.4603,0,-8.85794
33.5289,0,-8.90148
33.597,0,-8.94484
33.6648,0,-8.98802
33.7322,0,-9.03103
33.7991,0,-9.07388
33.8656,0,-9.11657
33.9317,0,-9.15911
33.9974,0,-9.20152
34.0627,0,-9.24379
34.1275,0,-9.28594
34.1919,0,-9.32797
34.2559,0,-9.36989
34.3194,0,-9.41171
34.3826,0,-9.45343
34.4452,0,-9.49507
34.5075,0,-9.53663
34.5693,0,-9.57813
34.6306,0,-9.61956
34.6916,0,-9.66093
34.7521,0,-9.70226
34.8121,0,-9.74355
34.8717,0,-9.78482
34.9308,0,-9.82606
34.9896,0,-9.86728
35.0478,0,-9.9085
35.1056,0,-9.94972
35.163,0,-9.99096
35.22,0,-10.0322
35.2764,0,-10.0735
35.3325,0,-10.1148
35.3881,0,-10.1561
35.4433,0,-10.1976
35.498,0,-10.239
35.5523,0,-10.2805
35.6061,0,-10.3221
35.6596,0,-10.3638
35.7125,0,-10.4056
35.7651,0,-10.4475
35.8172,0,-10.4895
35.8689,0,-10.5315
35.9201,0,-10.5738
35.971,0,-10.6161
36.0214,0,-10.6586
36.0714,0,-10.7012
36.121,0,-10.744
36.1701,0,-10.7869
36.2189,0,-10.83
36.2672,0,-10.8733
36.3152,0,-10.9167
36.3627,0,-10.9604
36.4098,0,-11.0042
36.4566,0,-11.0483
36.5029,0,-11.0925
36.5489,0,-11.137
36.5945,0,-11.1817
36.6397,0,-11.2266
36.6845,0,-11.2718
36.729,0,-11.3172
36.7731,0,-11.3628
36.8168,0,-11.4088
36.8602,0,-11.4549
36.9032,0,-11.5014
36.9459,0,-11.5481
36.9882,0,-11.5951
37.0302,0,-11.6424
37.0719,0,-11.69
37.1133,0,-11.7379
37.1543,0,-11.7862
37.195,0,-11.8347
37.2354,0,-11.8835
37.2755,0,-11.9327
37.3153,0,-11.9822
37.3548,0,-12.032
37.3941,0,-12.0822
37.433,0,-12.1327
37.4717,0,-12.1836
37.5101,0,-12.2348
37.5482,0,-12.2864
37.5861,0,-12.3383
37.6238,0,-12.3906
37.6612,0,-12.4433
37.6984,0,-12.4964
37.7354,0,-12.5499
37.7721,0,-12.6037
37.8086,0,-12.6579
37.8449,0,-12.7125
37.8811,0,-12.7676
37.917,0,-12.823
37.9527,0,-12.8788
37.9883,0,-12.935
38.0237,0,-12.9917
38.059,0,-13.0487
38.0941,0,-13.1062
38.129,0,-13.1641
38.1638,0,-13.2224
38.1985,0,-13.2811
38.2331,0,-13.3403
38.2675,0,-13.3999
38.3018,0,-13.4599
38.3361,0,-13.5204
38.3702,0,-13.5813
38.4043,0,-13.6426
38.4383,0,-13.7043
38.4722,0,-13.7666
38.506,0,-13.8292
38.5398,0,-13.8923
38.5736,0,-13.9558
38.6073,0,-14.0198
38.641,0,-14.0842
38.6747,0,-14.149
38.7084,0,-14.2143
38.742,0,-14.2801
38.7757,0,-14.3462
38.8094,0,-14.4129
38.8431,0,-14.4799
38.8768,0,-14.5474
38.9106,0,-14.6154
38.9444,0,-14.6838
38.9783,0,-14.7526
39.0122,0,-14.8219
39.0462,0,-14.8916
39.0802,0,-14.9618
39.1144,0,-15.0324
39.1486,0,-15.1034
39.183,0,-15.1748
39.2174,0,-15.2467
39.252,0,-15.319
39.2867,0,-15.3918
39.3215,0,-15.4649
39.3565,0,-15.5385
39.3916,0,-15.6125
39.4268,0,-15.6869
39.4623,0,-15.7618
39.4979,0,-15.837
39.5336,0,-15.9127
39.5696,0,-15.9887
39.6057,0,-16.0652
39.6421,0,-16.142
39.6786,0,-16.2193
39.7154,0,-16.2969
39.7523,0,-16.3749
39.7895,0,-16.4533
39.827,0,-16.5321
39.8647,0,-16.6113
39.9026,0,-16.6908
39.9408,0,-16.7707
39.9792,0,-16.8509
40.0179,0,-16.9315
40.0569,0,-17.0125
40.0961,0,-17.0938
40.1357,0,-17.1754
40.1755,0,-17.2574
40.2156,0,-17.3397
40.2561,0,-17.4223
40.2968,0,-17.5053
40.3379,0,-17.5885
40.3792,0,-17.6721
40.4209,0,-17.7559
40.463,0,-17.8401
40.5053,0,-17.9245
40.5481,0,-18.0093
40.5911,0,-18.0943
40.6345,0,-18.1796
40.6783,0,-18.2651
40.7224,0,-18.3509
40.7669,0,-18.4369
40.8118,0,-18.5232
40.857,0,-18.6098
40.9026,0,-18.6965
40.9486,0,-18.7835
40.995,0,-18.8707
41.0418,0,-18.9581
41.089,0,-19.0458
41.1366,0,-19.1336
41.1845,0,-19.2216
41.2329,0,-19.3097
41.2817,0,-19.3981
41.3309,0,-19.4866
41.3805,0,-19.5753
41.4306,0,-19.6641
41.481,0,-19.7531
41.5319,0,-19.8422
41.5832,0,-19.9314
41.6349,0,-20.0208
41.6871,0,-20.1103
41.7397,0,-20.1998
41.7927,0,-20.2895
41.8461,0,-20.3793
41.9,0,-20.4691
41.9544,0,-20.559
42.0091,0,-20.649
42.0643,0,-20.739
42.12,0,-20.8291
42.1761,0,-20.9193
42.2326,0,-21.0094
42.2896,0,-21.0996
42.347,0,-21.1898
42.4049,0,-21.28
42.4632,0,-21.3702
42.5219,0,-21.4604
42.5811,0,-21.5506
42.6408,0,-21.6408
42.7009,0,-21.731
42.7614,0,-21.8211
42.8223,0,-21.9111
42.8837,0,-22.0011
42.9456,0,-22.0911
43.0079,0,-22.1809
43.0706,0,-22.2707
43.1337,0,-22.3604
43.1973,0,-22.45
43.2613,0,-22.5395
43.3258,0,-22.6289
43.3907,0,-22.7182
43.456,0,-22.8074
43.5217,0,-22.8964
43.5878,0,-22.9852
43.6544,0,-23.074
43.7214,0,-23.1626
43.7888,0,-23.251
43.8566,0,-23.3392
43.9248,0,-23.4273
43.9934,0,-23.5151
44.0624,0,-23.6028
44.1318,0,-23.6903
44.2016,0,-23.7776
44.2718,0,-23.8646
44.3424,0,-23.9515
44.4133,0,-24.0381
44.4847,0,-24.1245
44.5564,0,-24.2106
44.6284,0,-24.2965
44.7009,0,-24.3821
44.7737,0,-24.4675
44.8468,0,-24.5526
44.9203,0,-24.6374
44.9941,0,-24.722
45.0683,0,-24.8062
45.1428,0,-24.8902
45.2177,0,-24.9739
45.2928,0,-25.0572
45.3683,0,-25.1403
45.4441,0,-25.223
45.5202,0,-25.3054
45.5966,0,-25.3875
45.6732,0,-25.4692
45.7502,0,-25.5507
45.8275,0,-25.6317
45.905,0,-25.7125
45.9828,0,-25.7928
46.0608,0,-25.8728
46.1392,0,-25.9525
46.2177,0,-26.0318
46.2965,0,-26.1107
46.3756,0,-26.1892
46.4548,0,-26.2674
46.5343,0,-26.3451
46.614,0,-26.4225
46.694,0,-26.4995
46.7741,0,-26.5761
46.8544,0,-26.6523
46.9349,0,-26.7281
47.0155,0,-26.8035
47.0964,0,-26.8784
47.1774,0,-26.953
47.2586,0,-27.0271
47.3399,0,-27.1009
47.4213,0,-27.1742
47.5029,0,-27.2471
47.5846,0,-27.3195
47.6665,0,-27.3915
47.7484,0,-27.4631
47.8305,0,-27.5343
47.9126,0,-27.6051
47.9948,0,-27.6754
48.0771,0,-27.7452
48.1595,0,-27.8146
48.2419,0,-27.8836
48.3244,0,-27.9522
48.407,0,-28.0203
48.4896,0,-28.088
48.5722,0,-28.1552
48.6548,0,-28.222
48.7375,0,-28.2883
48.8201,0,-28.3542
48.9028,0,-28.4196
48.9854,0,-28.4846
49.0681,0,-28.5492
49.1507,0,-28.6133
49.2333,0,-28.677
49.3158,0,-28.7402
49.3983,0,-28.803
49.4807,0,-28.8654
49.5631,0,-28.9273
49.6454,0,-28.9887
49.7276,0,-29.0498
49.8097,0,-29.1104
49.8917,0,-29.1706
49.9736,0,-29.2303
50.0554,0,-29.2896
50.1371,0,-29.3485
50.2187,0,-29.4069
50.3001,0,-29.465
50.3814,0,-29.5226
50.4625,0,-29.5798
50.5435,0,-29.6366
50.6243,0,-29.6929
50.7049,0,-29.7489
50.7854,0,-29.8045
50.8656,0,-29.8596
50.9457,0,-29.9144
51.0256,0,-29.9687
51.1052,0,-30.0227
51.1847,0,-30.0763
51.2639,0,-30.1295
51.3429,0,-30.1823
51.4216,0,-30.2348
51.5002,0,-30.2868
51.5784,0,-30.3385
51.6564,0,-30.3899
51.7342,0,-30.4409
51.8116,0,-30.4915
51.8888,0,-30.5418
51.9657,0,-30.5918
52.0423,0,-30.6414
52.1187,0,-30.6906
52.1947,0,-30.7396
52.2704,0,-30.7882
52.3458,0,-30.8365
52.4209,0,-30.8845
52.4957,0,-30.9323
52.5701,0,-30.9797
52.6442,0,-31.0268
52.718,0,-31.0736
52.7914,0,-31.1201
52.8644,0,-31.1664
52.9372,0,-31.2124
53.0095,0,-31.2582
53.0815,0,-31.3037
53.1531,0,-31.3489
53.2244,0,-31.3939
53.2952,0,-31.4387
53.3657,0,-31.4833
53.4358,0,-31.5276
53.5055,0,-31.5717
53.5749,0,-31.6156
53.6438,0,-31.6593
53.7123,0,-31.7028
53.7804,0,-31.7462
53.8481,0,-31.7893
53.9154,0,-31.8323
53.9823,0,-31.8751
54.0488,0,-31.9178
54.1149,0,-31.9603
54.1805,0,-32.0027
54.2457,0,-32.045
54.3105,0,-32.0871
54.3748,0,-32.1291
54.4388,0,-32.171
54.5022,0,-32.2128
54.5653,0,-32.2546
54.6279,0,-32.2962
54.6901,0,-32.3377
54.7519,0,-32.3792
54.8132,0,-32.4206
54.874,0,-32.462
54.9345,0,-32.5033
54.9944,0,-32.5446
55.054,0,-32.5859
55.1131,0,-32.6271
55.1717,0,-32.6683
55.2299,0,-32.7096
55.2877,0,-32.7508
55.345,0,-32.792
55.4019,0,-32.8333
55.4583,0,-32.8746
55.5143,0,-32.9159
55.5699,0,-32.9572
55.625,0,-32.9986
55.6797,0,-33.0401
55.7339,0,-33.0817
55.7877,0,-33.1233
55.8411,0,-33.165
55.894,0,-33.2067
55.9465,0,-33.2486
55.9985,0,-33.2906
56.0502,0,-33.3327
56.1014,0,-33.375
56.1522,0,-33.4173
56.2025,0,-33.4598
56.2525,0,-33.5025
56.302,0,-33.5452
56.3511,0,-33.5882
56.3998,0,-33.6313
56.4481,0,-33.6746
56.496,0,-33.7181
56.5435,0,-33.7618
56.5905,0,-33.8056
56.6372,0,-33.8497
56.6835,0,-33.894
56.7295,0,-33.9385
56.775,0,-33.9832
56.8202,0,-34.0282
56.8649,0,-34.0734
56.9094,0,-34.1188
56.9534,0,-34.1645
56.9971,0,-34.2104
57.0404,0,-34.2567
57.0834,0,-34.3031
57.126,0,-34.3499
57.1683,0,-34.397
57.2103,0,-34.4443
57.2519,0,-34.4919
57.2932,0,-34.5399
57.3342,0,-34.5881
57.3749,0,-34.6367
57.4153,0,-34.6856
57.4553,0,-34.7348
57.4951,0,-34.7843
57.5346,0,-34.8342
57.5738,0,-34.8844
57.6127,0,-34.935
57.6513,0,-34.9859
57.6897,0,-35.0372
57.7278,0,-35.0888
57.7657,0,-35.1408
57.8033,0,-35.1932
57.8407,0,-35.2459
57.8778,0,-35.299
57.9148,0,-35.3525
57.9515,0,-35.4064
57.988,0,-35.4607
58.0243,0,-35.5153
58.0604,0,-35.5704
58.0963,0,-35.6259
58.132,0,-35.6818
58.1676,0,-35.738
58.2029,0,-35.7947
58.2382,0,-35.8518
58.2732,0,-35.9094
58.3082,0,-35.9673
58.343,0,-36.0257
58.3776,0,-36.0845
58.4122,0,-36.1437
58.4466,0,-36.2033
58.4809,0,-36.2634
58.5151,0,-36.3239
58.5493,0,-36.3849
58.5833,0,-36.4463
58.6173,0,-36.5081
58.6512,0,-36.5703
58.6851,0,-36.633
58.7189,0,-36.6962
58.7526,0,-36.7597
58.7863,0,-36.8238
58.82,0,-36.8882
58.8537,0,-36.9531
58.8874,0,-37.0185
58.9211,0,-37.0843
58.9547,0,-37.1505
58.9884,0,-37.2172
59.0221,0,-37.2843
59.0558,0,-37.3519
59.0896,0,-37.4199
59.1234,0,-37.4884
59.1573,0,-37.5573
59.1912,0,-37.6266
59.2252,0,-37.6964
59.2593,0,-37.7666
59.2935,0,-37.8372
59.3277,0,-37.9083
59.3621,0,-37.9798
59.3966,0,-38.0517
59.4311,0,-38.1241
59.4658,0,-38.1969
59.5007,0,-38.2701
59.5357,0,-38.3438
59.5708,0,-38.4178
59.6061,0,-38.4923
59.6415,0,-38.5672
59.6771,0,-38.6425
59.7129,0,-38.7182
59.7489,0,-38.7943
59.7851,0,-38.8708
59.8214,0,-38.9477
59.858,0,-39.025
59.8948,0,-39.1027
59.9318,0,-39.1807
59.969,0,-39.2592
60.0065,0,-39.338
60.0442,0,-39.4172
60.0822,0,-39.4968
60.1204,0,-39.5767
60.1588,0,-39.657
60.1976,0,-39.7377
60.2366,0,-39.8187
60.2759,0,-39.9
60.3154,0,-39.9817
60.3553,0,-40.0637
60.3955,0,-40.146
60.436,0,-40.2287
60.4767,0,-40.3117
60.5178,0,-40.395
60.5593,0,-40.4786
60.601,0,-40.5625
60.6431,0,-40.6467
60.6855,0,-40.7312
60.7282,0,-40.8159
60.7713,0,-40.901
60.8148,0,-40.9863
60.8586,0,-41.0719
60.9028,0,-41.1577
60.9473,0,-41.2438
60.9922,0,-41.3301
61.0375,0,-41.4167
61.0832,0,-41.5034
61.1293,0,-41.5905
61.1757,0,-41.6777
61.2225,0,-41.7651
61.2698,0,-41.8528
61.3174,0,-41.9406
61.3654,0,-42.0286
61.4138,0,-42.1168
61.4627,0,-42.2052
61.5119,0,-42.2937
61.5616,0,-42.3824
61.6117,0,-42.4713
61.6622,0,-42.5603
61.7131,0,-42.6494
61.7645,0,-42.7387
61.8163,0,-42.828
61.8685,0,-42.9175
61.9211,0,-43.0071
61.9742,0,-43.0968
62.0277,0,-43.1865
62.0817,0,-43.2764
62.136,0,-43.3663
62.1909,0,-43.4563
62.2461,0,-43.5464
62.3018,0,-43.6364
62.358,0,-43.7266
62.4146,0,-43.8167
62.4716,0,-43.9069
62.5291,0,-43.9971
62.587,0,-44.0874
62.6454,0,-44.1776
62.7042,0,-44.2678
62.7634,0,-44.358
62.8231,0,-44.4481
62.8833,0,-44.5383
62.9438,0,-44.6284
63.0049,0,-44.7184
63.0663,0,-44.8084
63.1282,0,-44.8983
63.1906,0,-44.9882
63.2533,0,-45.078
63.3165,0,-45.1677
63.3802,0,-45.2573
63.4443,0,-45.3468
63.5088,0,-45.4361
63.5737,0,-45.5254
63.6391,0,-45.6145
63.7048,0,-45.7035
63.771,0,-45.7924
63.8377,0,-45.8811
63.9047,0,-45.9697
63.9721,0,-46.0581
64.04,0,-46.1463
64.1082,0,-46.2343
64.1769,0,-46.3222
64.246,0,-46.4098
64.3154,0,-46.4973
64.3853,0,-46.5845
64.4555,0,-46.6716
64.5261,0,-46.7584
64.5971,0,-46.8449
64.6685,0,-46.9313
64.7403,0,-47.0174
64.8124,0,-47.1033
64.8849,0,-47.1889
64.9577,0,-47.2742
65.0309,0,-47.3593
65.1044,0,-47.444
65.1783,0,-47.5286
65.2525,0,-47.6128
65.3271,0,-47.6967
65.402,0,-47.7803
65.4772,0,-47.8636
65.5527,0,-47.9467
65.6285,0,-48.0294
65.7046,0,-48.1117
65.7811,0,-48.1938
65.8578,0,-48.2755
65.9348,0,-48.3568
66.0121,0,-48.4379
66.0896,0,-48.5185
66.1675,0,-48.5989
66.2456,0,-48.6788
66.3239,0,-48.7584
66.4025,0,-48.8377
66.4813,0,-48.9165
66.5604,0,-48.995
66.6397,0,-49.0731
66.7192,0,-49.1508
66.799,0,-49.2282
66.8789,0,-49.3051
66.959,0,-49.3816
67.0394,0,-49.4578
67.1199,0,-49.5335
67.2006,0,-49.6089
67.2814,0,-49.6838
67.3625,0,-49.7583
67.4437,0,-49.8324
67.525,0,-49.9061
67.6065,0,-49.9793
67.6881,0,-50.0521
67.7698,0,-50.1245
67.8516,0,-50.1965
67.9336,0,-50.2681
68.0157,0,-50.3392
68.0978,0,-50.4099
68.18,0,-50.4801
68.2624,0,-50.5499
68.3447,0,-50.6193
68.4272,0,-50.6882
68.5097,0,-50.7567
68.5922,0,-50.8248
68.6748,0,-50.8924
68.7575,0,-50.9595
68.8401,0,-51.0263
68.9227,0,-51.0925
69.0054,0,-51.1584
69.0881,0,-51.2238
69.1707,0,-51.2887
69.2533,0,-51.3532
69.3359,0,-51.4173
69.4185,0,-51.4809
69.501,0,-51.5441
69.5835,0,-51.6068
69.6659,0,-51.6691
69.7483,0,-51.7309
69.8306,0,-51.7924
69.9128,0,-51.8534
69.9949,0,-51.9139
70.0769,0,-51.974
70.1588,0,-52.0337
70.2406,0,-52.093
70.3223,0,-52.1518
70.4038,0,-52.2102
70.4852,0,-52.2682
70.5665,0,-52.3257
70.6476,0,-52.3829
70.7285,0,-52.4396
70.8093,0,-52.4959
70.8899,0,-52.5518
70.9704,0,-52.6073
71.0506,0,-52.6624
71.1306,0,-52.7171
71.2105,0,-52.7715
71.2901,0,-52.8254
71.3695,0,-52.8789
71.4487,0,-52.9321
71.5277,0,-52.9848
71.6064,0,-53.0372
71.6849,0,-53.0893
71.7631,0,-53.1409
71.8411,0,-53.1922
71.9188,0,-53.2432
71.9962,0,-53.2938
72.0734,0,-53.344
72.1502,0,-53.3939
72.2268,0,-53.4435
72.3031,0,-53.4927
72.3791,0,-53.5416
72.4548,0,-53.5902
72.5301,0,-53.6385
72.6052,0,-53.6865
72.6799,0,-53.7341
72.7543,0,-53.7815
72.8284,0,-53.8286
72.9021,0,-53.8754
72.9754,0,-53.9219
73.0485,0,-53.9681
73.1211,0,-54.0141
73.1934,0,-54.0598
73.2654,0,-54.1053
73.337,0,-54.1505
73.4082,0,-54.1955
73.479,0,-54.2402
73.5494,0,-54.2847
73.6195,0,-54.329
73.6891,0,-54.3731
73.7584,0,-54.417
73.8273,0,-54.4607
73.8957,0,-54.5042
73.9638,0,-54.5475
74.0315,0,-54.5906
74.0987,0,-54.6336
74.1656,0,-54.6764
74.232,0,-54.7191
74.298,0,-54.7616
74.3636,0,-54.8039
74.4287,0,-54.8462
74.4934,0,-54.8883
74.5577,0,-54.9303
74.6216,0,-54.9722
74.685,0,-55.014
74.748,0,-55.0557
74.8106,0,-55.0973
74.8727,0,-55.1388
74.9344,0,-55.1803
74.9957,0,-55.2217
75.0565,0,-55.2631
75.1169,0,-55.3044
75.1768,0,-55.3457
75.2363,0,-55.387
75.2953,0,-55.4282
75.3539,0,-55.4694
75.4121,0,-55.5106
75.4698,0,-55.5519
75.527,0,-55.5931
75.5839,0,-55.6344
75.6402,0,-55.6756
75.6962,0,-55.717
75.7517,0,-55.7583
75.8067,0,-55.7997
75.8613,0,-55.8412
75.9155,0,-55.8828
75.9692,0,-55.9244
76.0226,0,-55.9661
76.0754,0,-56.0079
76.1279,0,-56.0498
76.1799,0,-56.0918
76.2314,0,-56.1339
76.2826,0,-56.1762
76.3333,0,-56.2185
76.3836,0,-56.2611
76.4335,0,-56.3037
76.483,0,-56.3465
76.532,0,-56.3895
76.5807,0,-56.4326
76.6289,0,-56.476
76.6768,0,-56.5195
76.7242,0,-56.5632
76.7712,0,-56.607
76.8179,0,-56.6511
76.8641,0,-56.6955
76.91,0,-56.74
76.9555,0,-56.7847
77.0006,0,-56.8297
77.0453,0,-56.8749
77.0897,0,-56.9204
77.1337,0,-56.9661
77.1774,0,-57.0121
77.2206,0,-57.0584
77.2636,0,-57.1049
77.3062,0,-57.1517
77.3484,0,-57.1988
77.3903,0,-57.2462
77.4319,0,-57.2939
77.4732,0,-57.3418
77.5141,0,-57.3901
77.5548,0,-57.4387
77.5951,0,-57.4877
77.6351,0,-57.5369
77.6749,0,-57.5865
77.7143,0,-57.6364
77.7534,0,-57.6867
77.7923,0,-57.7373
77.8309,0,-57.7882
77.8693,0,-57.8395
77.9074,0,-57.8912
77.9452,0,-57.9433
77.9828,0,-57.9957
78.0202,0,-58.0485
78.0573,0,-58.1016
78.0942,0,-58.1552
78.1309,0,-58.2091
78.1673,0,-58.2634
78.2036,0,-58.3182
78.2397,0,-58.3733
78.2756,0,-58.4288
78.3113,0,-58.4847
78.3468,0,-58.5411
78.3822,0,-58.5978
78.4174,0,-58.655
78.4524,0,-58.7126
78.4873,0,-58.7706
78.5221,0,-58.829
78.5568,0,-58.8878
78.5913,0,-58.9471
78.6257,0,-59.0068
78.66,0,-59.0669
78.6942,0,-59.1275
78.7283,0,-59.1885
78.7624,0,-59.2499
78.7964,0,-59.3118
78.8303,0,-59.3741
78.8641,0,-59.4369
78.8979,0,-59.5001
78.9316,0,-59.5637
78.9654,0,-59.6278
78.9991,0,-59.6923
79.0327,0,-59.7573
79.0664,0,-59.8227
79.1001,0,-59.8885
79.1337,0,-59.9548
79.1674,0,-60.0216
79.2011,0,-60.0887
79.2349,0,-60.1564
79.2686,0,-60.2244
79.3025,0,-60.2929
79.3363,0,-60.3619
79.3703,0,-60.4313
79.4043,0,-60.5011
79.4384,0,-60.5714
79.4726,0,-60.6421
79.5068,0,-60.7132
79.5412,0,-60.7848
79.5757,0,-60.8568
79.6103,0,-60.9292
79.645,0,-61.002
79.6799,0,-61.0753
79.7149,0,-61.149
79.75,0,-61.2231
79.7853,0,-61.2976
79.8208,0,-61.3726
79.8564,0,-61.4479
79.8922,0,-61.5237
79.9282,0,-61.5998
79.9644,0,-61.6764
80.0008,0,-61.7533
80.0374,0,-61.8307
80.0742,0,-61.9084
80.1112,0,-61.9865
80.1485,0,-62.065
80.186,0,-62.1439
80.2237,0,-62.2232
80.2617,0,-62.3028
80.3,0,-62.3828
80.3385,0,-62.4631
80.3772,0,-62.5438
80.4163,0,-62.6248
80.4556,0,-62.7062
80.4952,0,-62.7879
80.5351,0,-62.87
80.5753,0,-62.9524
80.6159,0,-63.0351
80.6567,0,-63.1181
80.6978,0,-63.2014
80.7393,0,-63.2851
80.7811,0,-63.369
80.8232,0,-63.4533
80.8656,0,-63.5378
80.9084,0,-63.6226
80.9516,0,-63.7077
80.9951,0,-63.793
81.039,0,-63.8786
81.0832,0,-63.9645
81.1278,0,-64.0506
81.1727,0,-64.1369
81.2181,0,-64.2235
81.2638,0,-64.3104
81.3099,0,-64.3974
81.3564,0,-64.4847
81.4033,0,-64.5721
81.4505,0,-64.6598
81.4982,0,-64.7476
81.5463,0,-64.8357
81.5948,0,-64.9239
81.6437,0,-65.0123
81.693,0,-65.1009
81.7427,0,-65.1896
81.7928,0,-65.2785
81.8434,0,-65.3675
81.8944,0,-65.4566
81.9458,0,-65.5459
81.9976,0,-65.6353
82.0499,0,-65.7248
82.1026,0,-65.8143
82.1557,0,-65.904
82.2093,0,-65.9938
82.2633,0,-66.0837
82.3177,0,-66.1736
82.3726,0,-66.2636
82.4279,0,-66.3537
82.4837,0,-66.4438
82.5399,0,-66.5339
82.5966,0,-66.6241
82.6536,0,-66.7143
82.7112,0,-66.8045
82.7692,0,-66.8947
82.8276,0,-66.9849
82.8864,0,-67.0751
82.9457,0,-67.1653
83.0055,0,-67.2555
83.0657,0,-67.3456
83.1263,0,-67.4357
83.1874,0,-67.5257
83.2489,0,-67.6157
83.3109,0,-67.7056
83.3733,0,-67.7955
83.4361,0,-67.8853
83.4994,0,-67.9749
83.5631,0,-68.0645
83.6272,0,-68.154
83.6918,0,-68.2434
83.7567,0,-68.3326
83.8221,0,-68.4217
83.888,0,-68.5107
83.9542,0,-68.5995
84.0209,0,-68.6882
84.088,0,-68.7768
84.1555,0,-68.8651
84.2234,0,-68.9533
84.2917,0,-69.0413
84.3604,0,-69.1292
84.4295,0,-69.2168
84.499,0,-69.3042
84.5689,0,-69.3915
84.6392,0,-69.4785
84.7099,0,-69.5652
84.781,0,-69.6518
84.8524,0,-69.7381
84.9242,0,-69.8242
84.9963,0,-69.91
85.0689,0,-69.9956
85.1417,0,-70.0809
85.215,0,-70.1659
85.2886,0,-70.2507
85.3625,0,-70.3351
85.4367,0,-70.4193
85.5113,0,-70.5032
85.5863,0,-70.5868
85.6615,0,-70.6701
85.737,0,-70.753
85.8129,0,-70.8357
85.8891,0,-70.918
85.9655,0,-71
86.0423,0,-71.0817
86.1194,0,-71.163
86.1967,0,-71.244
86.2743,0,-71.3246
86.3521,0,-71.4049
86.4303,0,-71.4848
86.5086,0,-71.5644
86.5873,0,-71.6436
86.6661,0,-71.7224
86.7452,0,-71.8008
86.8246,0,-71.8789
86.9041,0,-71.9565
86.9839,0,-72.0338
87.0638,0,-72.1107
87.144,0,-72.1872
87.2244,0,-72.2633
87.3049,0,-72.339
87.3856,0,-72.4143
87.4665,0,-72.4891
87.5475,0,-72.5636
87.6288,0,-72.6376
87.7101,0,-72.7112
87.7916,0,-72.7844
87.8732,0,-72.8572
87.955,0,-72.9296
88.0368,0,-73.0015
88.1188,0,-73.073
88.2009,0,-73.144
88.283,0,-73.2147
88.3653,0,-73.2849
88.4476,0,-73.3546
88.53,0,-73.4239
88.6124,0,-73.4928
88.695,0,-73.5612
88.7775,0,-73.6292
88.8601,0,-73.6968
88.9427,0,-73.7639
89.0254,0,-73.8305
89.108,0,-73.8968
89.1907,0,-73.9625
89.2733,0,-74.0279
89.356,0,-74.0928
89.4386,0,-74.1572
89.5212,0,-74.2212
89.6038,0,-74.2848
89.6863,0,-74.3479
89.7688,0,-74.4106
89.8512,0,-74.4728
89.9335,0,-74.5346
90.0158,0,-74.596
90.098,0,-74.6569
90.1801,0,-74.7174
90.2621,0,-74.7775
90.344,0,-74.8371
90.4257,0,-74.8963
90.5074,0,-74.9551
90.5889,0,-75.0134
90.6703,0,-75.0713
90.7516,0,-75.1289
90.8326,0,-75.1859
90.9136,0,-75.2426
90.9943,0,-75.2989
91.0749,0,-75.3547
91.1553,0,-75.4102
91.2355,0,-75.4653
91.3156,0,-75.5199
91.3954,0,-75.5742
91.475,0,-75.628
91.5544,0,-75.6815
91.6335,0,-75.7346
91.7125,0,-75.7874
91.7912,0,-75.8397
91.8696,0,-75.8917
91.9478,0,-75.9433
92.0257,0,-75.9946
92.1034,0,-76.0455
92.1808,0,-76.096
92.2579,0,-76.1462
92.3348,0,-76.1961
92.4113,0,-76.2456
92.4875,0,-76.2948
92.5635,0,-76.3437
92.6391,0,-76.3922
92.7145,0,-76.4404
92.7895,0,-76.4884
92.8641,0,-76.536
92.9385,0,-76.5833
93.0125,0,-76.6304
93.0862,0,-76.6771
93.1595,0,-76.7236
93.2325,0,-76.7698
93.3051,0,-76.8157
93.3774,0,-76.8614
93.4493,0,-76.9069
93.5208,0,-76.952
93.5919,0,-76.997
93.6627,0,-77.0417
93.7331,0,-77.0862
93.8031,0,-77.1305
93.8727,0,-77.1745
93.9419,0,-77.2184
94.0108,0,-77.2621
94.0792,0,-77.3055
94.1472,0,-77.3488
94.2148,0,-77.3919
94.282,0,-77.4349
94.3488,0,-77.4777
94.4151,0,-77.5203
94.4811,0,-77.5628
94.5466,0,-77.6051
94.6117,0,-77.6474
94.6764,0,-77.6895
94.7406,0,-77.7314
94.8044,0,-77.7733
94.8678,0,-77.8151
94.9308,0,-77.8568
94.9933,0,-77.8984
95.0554,0,-77.9399
95.117,0,-77.9814
95.1782,0,-78.0228
95.2389,0,-78.0642
95.2992,0,-78.1055
95.3591,0,-78.1468
95.4185,0,-78.188
95.4775,0,-78.2293
95.5361,0,-78.2705
95.5942,0,-78.3117
95.6518,0,-78.3529
95.709,0,-78.3942
95.7658,0,-78.4354
95.8221,0,-78.4767
95.878,0,-78.518
95.9334,0,-78.5594
95.9884,0,-78.6008
96.043,0,-78.6423
96.0971,0,-78.6839
96.1508,0,-78.7255
96.204,0,-78.7672
96.2569,0,-78.809
96.3092,0,-78.851
96.3612,0,-78.893
96.4127,0,-78.9351
96.4638,0,-78.9774
96.5145,0,-79.0198
96.5647,0,-79.0623
96.6146,0,-79.105
96.664,0,-79.1478
96.713,0,-79.1908
96.7616,0,-79.234
96.8098,0,-79.2773
96.8576,0,-79.3208
96.9049,0,-79.3646
96.9519,0,-79.4085
96.9985,0,-79.4526
97.0447,0,-79.4969
97.0906,0,-79.5415
97.136,0,-79.5863
97.1811,0,-79.6313
97.2257,0,-79.6765
97.2701,0,-79.722
97.314,0,-79.7678
97.3576,0,-79.8138
97.4009,0,-79.8601
97.4438,0,-79.9067
97.4863,0,-79.9535
97.5285,0,-80.0006
97.5704,0,-80.0481
97.6119,0,-80.0958
97.6532,0,-80.1438
97.6941,0,-80.1921
97.7347,0,-80.2408
97.7749,0,-80.2897
97.8149,0,-80.339
97.8546,0,-80.3886
97.894,0,-80.4386
97.9331,0,-80.4889
97.972,0,-80.5396
98.0106,0,-80.5906
98.0489,0,-80.6419
98.0869,0,-80.6937
98.1247,0,-80.7457
98.1623,0,-80.7982
98.1996,0,-80.851
98.2367,0,-80.9043
98.2736,0,-80.9578
98.3102,0,-81.0118
98.3467,0,-81.0662
98.3829,0,-81.121
98.419,0,-81.1762
98.4548,0,-81.2317
98.4905,0,-81.2877
98.526,0,-81.3441
98.5614,0,-81.4009
98.5966,0,-81.4581
98.6316,0,-81.5157
98.6665,0,-81.5738
98.7013,0,-81.6323
98.7359,0,-81.6912
98.7704,0,-81.7505
98.8048,0,-81.8103
98.8391,0,-81.8704
98.8733,0,-81.9311
98.9074,0,-81.9921
98.9414,0,-82.0536
98.9754,0,-82.1155
99.0093,0,-82.1779
99.0431,0,-82.2407
99.0769,0,-82.304
99.1107,0,-82.3677
99.1444,0,-82.4318
99.1781,0,-82.4964
99.2117,0,-82.5614
99.2454,0,-82.6269
99.2791,0,-82.6928
99.3127,0,-82.7591
99.3464,0,-82.8259
99.3801,0,-82.8932
99.4139,0,-82.9608
99.4477,0,-83.029
99.4815,0,-83.0975
99.5154,0,-83.1665
99.5493,0,-83.236
99.5833,0,-83.3059
99.6174,0,-83.3762
99.6516,0,-83.4469
99.6859,0,-83.5181
99.7203,0,-83.5898
99.7548,0,-83.6618
99.7894,0,-83.7343
99.8242,0,-83.8072
99.859,0,-83.8805
99.894,0,-83.9542
99.9292,0,-84.0284
99.9645,0,-84.103
100,0,-84.178
100.036,0,-84.2534
100.072,0,-84.3292
100.108,0,-84.4054
100.144,0,-84.482
100.18,0,-84.559
100.217,0,-84.6364
100.254,0,-84.7142
100.291,0,-84.7924
100.328,0,-84.8709
100.366,0,-84.9498
100.403,0,-85.0291
100.441,0,-85.1088
100.48,0,-85.1888
100.518,0,-85.2692
100.557,0,-85.3499
100.596,0,-85.431
100.635,0,-85.5124
100.675,0,-85.5942
100.715,0,-85.6763
100.755,0,-85.7587
100.796,0,-85.8415
100.837,0,-85.9245
100.878,0,-86.0079
100.919,0,-86.0916
100.961,0,-86.1756
101.003,0,-86.2598
101.046,0,-86.3444
101.089,0,-86.4292
101.132,0,-86.5143
101.175,0,-86.5997
101.219,0,-86.6854
101.264,0,-86.7713
101.308,0,-86.8574
101.353,0,-86.9438
101.399,0,-87.0304
101.444,0,-87.1173
101.491,0,-87.2043
101.537,0,-87.2916
101.584,0,-87.3791
101.631,0,-87.4668
101.679,0,-87.5547
101.727,0,-87.6428
101.776,0,-87.731
101.825,0,-87.8194
101.874,0,-87.908
101.924,0,-87.9967
101.974,0,-88.0856
102.025,0,-88.1746
102.076,0,-88.2638
102.127,0,-88.3531
102.179,0,-88.4425
102.231,0,-88.532
102.284,0,-88.6216
102.337,0,-88.7113
102.391,0,-88.8011
102.445,0,-88.891
102.499,0,-88.9809
102.554,0,-89.0709
102.61,0,-89.161
102.666,0,-89.2511
