0,0,0.00172308
4.29068e-09,0,0.00516923
2.14534e-08,0,0.0103385
6.43602e-08,0,0.0172308
1.50174e-07,0,0.0258462
3.00347e-07,0,0.0361846
5.40625e-07,0,0.0482462
9.01042e-07,0,0.0620308
1.41592e-06,0,0.0775385
2.12389e-06,0,0.0947692
3.06783e-06,0,0.113723
4.29497e-06,0,0.1344
5.85677e-06,0,0.1568
7.80903e-06,0,0.180923
1.02118e-05,0,0.206769
1.31295e-05,0,0.234338
1.66307e-05,0,0.263631
2.07883e-05,0,0.294646
2.56797e-05,0,0.327385
3.13863e-05,0,0.361846
3.7994e-05,0,0.398031
4.55927e-05,0,0.435938
5.42771e-05,0,0.475569
6.41456e-05,0,0.516923
7.53014e-05,0,0.56
8.78516e-05,0,0.6048
0.000101908,0,0.651323
0.000117586,0,0.699569
0.000135006,0,0.749538
0.000154293,0,0.801231
0.000175575,0,0.854646
0.000198984,0,0.909785
0.00022466,0,0.966646
0.000252742,0,1.02523
0.000283378,0,1.08554
0.000316716,0,1.14757
0.000352912,0,1.21132
0.000392125,0,1.2768
0.000434517,0,1.344
0.000480255,0,1.41292
0.000529512,0,1.48357
0.000582464,0,1.55594
0.000639289,0,1.63003
0.000700174,0,1.70585
0.000765307,0,1.78338
0.00083488,0,1.86265
0.000909091,0,1.94363
0.000988143,0,2.02634
0.00107224,0,2.11077
0.00116159,0,2.19692
0.00125642,0,2.2848
0.00135693,0,2.3744
0.00146336,0,2.46572
0.00157592,0,2.55877
0.00169486,0,2.65354
0.0018204,0,2.75003
0.0019528,0,2.84824
0.00209228,0,2.94818
0.00223911,0,3.04984
0.00239353,0,3.15323
0.0025558,0,3.25834
0.00272619,0,3.36517
0.00290496,0,3.47372
0.00309237,0,3.584
0.00328872,0,3.696
0.00349426,0,3.80972
0.00370929,0,3.92517
0.0039341,0,4.04233
0.00416897,0,4.16123
0.0044142,0,4.28184
0.0046701,0,4.40418
0.00493696,0,4.52824
0.0052151,0,4.65402
0.00550482,0,4.78153
0.00580646,0,4.91076
0.00612032,0,5.04171
0.00644673,0,5.17439
0.00678604,0,5.30879
0.00713856,0,5.44491
0.00750464,0,5.58276
0.00788462,0,5.72233
0.00827885,0,5.86362
0.00868768,0,6.00663
0.00911146,0,6.15137
0.00955057,0,6.29783
0.0100054,0,6.44601
0.0104762,0,6.59592
0.0109635,0,6.74755
0.0114675,0,6.9009
0.0119888,0,7.05598
0.0125276,0,7.21277
0.0130844,0,7.3713
0.0136595,0,7.53154
0.0142534,0,7.69351
0.0148664,0,7.8572
0.0154991,0,8.02261
0.0161516,0,8.18975
0.0168246,0,8.35861
0.0175184,0,8.52919
0.0182335,0,8.70149
0.0189702,0,8.87552
0.019729,0,9.05127
0.0205103,0,9.22875
0.0213146,0,9.40794
0.0221424,0,9.58886
0.022994,0,9.7715
0.0238699,0,9.95587
0.0247707,0,10.142
0.0256967,0,10.3298
0.0266484,0,10.5193
0.0276263,0,10.7106
0.0286309,0,10.9035
0.0296626,0,11.0982
0.030722,0,11.2947
0.0318095,0,11.4928
0.0329256,0,11.6927
0.0340708,0,11.8943
0.0352457,0,12.0976
0.0364507,0,12.3026
0.0376863,0,12.5094
0.038953,0,12.7179
0.0402514,0,12.9281
0.041582,0,13.14
0.0429454,0,13.3537
0.0443419,0,13.5691
0.0457723,0,13.7862
0.047237,0,14.005
0.0487366,0,14.2255
0.0502715,0,14.4478
0.0518425,0,14.6718
0.05345,0,14.8975
0.0550946,0,15.1249
0.0567768,0,15.3541
0.0584973,0,15.585
0.0602566,0,15.8176
0.0620553,0,16.0519
0.0638939,0,16.2879
0.0657731,0,16.5257
0.0676934,0,16.7652
0.0696555,0,17.0064
0.07166,0,17.2494
0.0737073,0,17.494
0.0757983,0,17.7404
0.0779334,0,17.9885
0.0801133,0,18.2383
0.0823386,0,18.4899
0.08461,0,18.7432
0.086928,0,18.9982
0.0892933,0,19.2549
0.0917066,0,19.5133
0.0941684,0,19.7735
0.0966795,0,20.0354
0.0992405,0,20.299
0.101852,0,20.5643
0.104515,0,20.8314
0.107229,0,21.1001
0.109996,0,21.3706
0.112817,0,21.6429
0.115691,0,21.9168
0.11862,0,22.1925
0.121604,0,22.4699
0.124644,0,22.749
0.12774,0,23.0298
0.130894,0,23.3123
0.134106,0,23.5966
0.137377,0,23.8826
0.140707,0,24.1703
0.144098,0,24.4598
0.147549,0,24.7509
0.151062,0,25.0438
0.154637,0,25.3384
0.158275,0,25.6348
0.161978,0,25.9328
0.165744,0,26.2326
0.169576,0,26.5341
0.173474,0,26.8373
0.177439,0,27.1422
0.181472,0,27.4489
0.185573,0,27.7573
0.189743,0,28.0674
0.193982,0,28.3792
0.198293,0,28.6928
0.202675,0,29.008
0.207129,0,29.325
0.211656,0,29.6437
0.216257,0,29.9642
0.220932,0,30.2863
0.225683,0,30.6102
0.23051,0,30.9358
0.235414,0,31.2631
0.240396,0,31.5921
0.245457,0,31.9229
0.250597,0,32.2554
0.255817,0,32.5896
0.261119,0,32.9255
0.266502,0,33.2632
0.271969,0,33.6025
0.277518,0,33.9436
0.283153,0,34.2864
0.288873,0,34.631
0.294679,0,34.9772
0.300572,0,35.3252
0.306552,0,35.6749
0.312622,0,36.0263
0.318782,0,36.3794
0.325032,0,36.7343
0.331373,0,37.0908
0.337807,0,37.4491
0.344334,0,37.8092
0.350955,0,38.1709
0.357671,0,38.5344
0.364483,0,38.8995
0.371392,0,39.2664
0.378398,0,39.635
0.385504,0,40.0054
0.392708,0,40.3774
0.400014,0,40.7512
0.40742,0,41.1267
0.41493,0,41.5039
0.422542,0,41.8829
0.430259,0,42.2635
0.43808,0,42.6459
0.446008,0,43.03
0.454043,0,43.4158
0.462187,0,43.8034
0.470439,0,44.1926
0.478801,0,44.5836
0.487274,0,44.9763
0.495859,0,45.3707
0.504557,0,45.7669
0.513369,0,46.1647
0.522295,0,46.5643
0.531338,0,46.9656
0.540497,0,47.3686
0.549775,0,47.7733
0.559171,0,48.1798
0.568687,0,48.588
0.578324,0,48.9978
0.588083,0,49.4094
0.597965,0,49.8228
0.607971,0,50.2378
0.618102,0,50.6546
0.628359,0,51.0731
0.638743,0,51.4933
0.649255,0,51.9152
0.659896,0,52.3388
0.670668,0,52.7642
0.681571,0,53.1912
0.692606,0,53.62
0.703775,0,54.0505
0.715078,0,54.4828
0.726516,0,54.9167
0.738092,0,55.3524
0.749805,0,55.7898
0.761657,0,56.2288
0.773648,0,56.6697
0.785781,0,57.1122
0.798056,0,57.5564
0.810474,0,58.0024
0.823036,0,58.4501
0.835744,0,58.8995
0.848598,0,59.3506
0.8616,0,59.8034
0.87475,0,60.258
0.888051,0,60.7143
0.901503,0,61.1722
0.915106,0,61.6319
0.928863,0,62.0934
0.942775,0,62.5565
0.956842,0,63.0213
0.971066,0,63.4879
0.985447,0,63.9562
0.999988,0,64.4262
1.01469,0,64.8979
1.02955,0,65.3713
1.04458,0,65.8465
1.05977,0,66.3233
1.07512,0,66.8019
1.09064,0,67.2822
1.10633,0,67.7642
1.12218,0,68.2479
1.13821,0,68.7333
1.1544,0,69.2205
1.17077,0,69.7093
1.18732,0,70.1999
1.20403,0,70.6922
1.22092,0,71.1862
1.23799,0,71.6819
1.25524,0,72.1793
1.27267,0,72.6785
1.29028,0,73.1793
1.30807,0,73.6819
1.32604,0,74.1862
1.3442,0,74.6922
1.36254,0,75.1999
1.38107,0,75.7093
1.39979,0,76.2205
1.41869,0,76.7333
1.43779,0,77.2479
1.45708,0,77.7642
1.47657,0,78.2821
1.49625,0,78.8018
1.51612,0,79.3233
1.53619,0,79.8464
1.55646,0,80.3712
1.57693,0,80.8978
1.5976,0,81.426
1.61848,0,81.956
1.63955,0,82.4877
1.66083,0,83.021
1.68232,0,83.5561
1.70402,0,84.093
1.72592,0,84.6315
1.74804,0,85.1717
1.77037,0,85.7137
1.79291,0,86.2573
1.81566,0,86.8027
1.83863,0,87.3497
1.86182,0,87.8985
1.88522,0,88.449
1.90885,0,89.0012
1.93269,0,89.5551
1.95676,0,90.1107
1.98106,0,90.668
2.00557,0,91.2271
2.03032,0,91.7878
2.05529,0,92.3503
2.08049,0,92.9144
2.10593,0,93.4803
2.13159,0,94.0479
2.15749,0,94.6171
2.18362,0,95.1881
2.20999,0,95.7608
2.2366,0,96.3352
2.26345,0,96.9113
2.29054,0,97.4891
2.31787,0,98.0686
2.34544,0,98.6499
2.37326,0,99.2328
2.40132,0,99.8174
2.42964,0,100.404
2.4582,0,100.992
2.48701,0,101.582
2.51608,0,102.173
2.54539,0,102.766
2.57497,0,103.361
2.6048,0,103.958
2.63489,0,104.556
2.66524,0,105.156
2.69585,0,105.758
2.72672,0,106.361
2.75785,0,106.966
2.78925,0,107.573
2.82092,0,108.181
2.85286,0,108.791
2.88507,0,109.403
2.91755,0,110.017
2.9503,0,110.632
2.98332,0,111.249
3.01662,0,111.868
3.0502,0,112.488
3.08406,0,113.11
3.1182,0,113.734
3.15262,0,114.36
3.18733,0,114.987
3.22232,0,115.616
3.2576,0,116.246
3.29316,0,116.879
3.32902,0,117.513
3.36517,0,118.148
3.40161,0,118.786
3.43834,0,119.425
3.47537,0,120.066
3.5127,0,120.708
3.55033,0,121.352
3.58826,0,121.998
3.62649,0,122.646
3.66503,0,123.295
3.70387,0,123.946
3.74302,0,124.599
3.78248,0,125.253
3.82224,0,125.909
3.86232,0,126.567
3.90272,0,127.226
3.94343,0,127.887
3.98445,0,128.55
4.0258,0,129.215
4.06747,0,129.881
4.10945,0,130.549
4.15176,0,131.218
4.1944,0,131.89
4.23736,0,132.563
4.28065,0,133.237
4.32428,0,133.914
4.36823,0,134.592
4.41252,0,135.271
4.45714,0,135.953
4.5021,0,136.636
4.54739,0,137.321
4.59303,0,138.007
4.63901,0,138.695
4.68533,0,139.385
4.732,0,140.077
4.77902,0,140.77
4.82638,0,141.465
4.87409,0,142.162
4.92216,0,142.86
4.97058,0,143.56
5.01935,0,144.262
5.06849,0,144.965
5.11798,0,145.67
5.16783,0,146.377
5.21804,0,147.085
5.26862,0,147.795
5.31956,0,148.507
5.37087,0,149.221
5.42255,0,149.936
5.47461,0,150.653
5.52703,0,151.371
5.57983,0,152.091
5.633,0,152.813
5.68656,0,153.537
5.74049,0,154.262
5.7948,0,154.989
5.8495,0,155.718
5.90459,0,156.448
5.96006,0,157.18
6.01591,0,157.914
6.07216,0,158.649
6.1288,0,159.386
6.18584,0,160.125
6.24327,0,160.865
6.3011,0,161.607
6.35933,0,162.351
6.41796,0,163.096
6.47699,0,163.843
6.53643,0,164.592
6.59627,0,165.342
6.65653,0,166.094
6.71719,0,166.848
6.77827,0,167.604
6.83976,0,168.361
6.90166,0,169.12
6.96398,0,169.88
7.02673,0,170.642
7.08989,0,171.406
7.15348,0,172.171
7.21749,0,172.938
7.28193,0,173.707
7.3468,0,174.478
7.4121,0,175.25
7.47783,0,176.024
7.544,0,176.799
7.61061,0,177.576
7.67765,0,178.355
7.74513,0,179.136
7.81305,0,179.918
7.88142,0,180.702
7.95023,0,181.487
8.0195,0,182.274
8.08921,0,183.063
8.15937,0,183.853
8.22999,0,184.646
8.30106,0,185.439
8.37259,0,186.235
8.44458,0,187.032
8.51703,0,187.831
8.58994,0,188.631
8.66332,0,189.433
8.73716,0,190.237
8.81147,0,191.042
8.88626,0,191.849
8.96152,0,192.658
9.03725,0,193.468
9.11346,0,194.28
9.19014,0,195.094
9.26731,0,195.909
9.34496,0,196.726
9.4231,0,197.545
9.50172,0,198.365
9.58083,0,199.187
9.66043,0,200.011
9.74052,0,200.836
9.82111,0,201.663
9.9022,0,202.492
9.98378,0,203.322
10.0659,0,204.154
10.1484,0,204.987
10.2315,0,205.822
10.3151,0,206.659
10.3992,0,207.498
10.4839,0,208.338
10.569,0,209.179
10.6546,0,210.023
10.7408,0,210.868
10.8275,0,211.714
10.9147,0,212.563
11.0024,0,213.413
11.0906,0,214.264
11.1794,0,215.118
11.2687,0,215.972
11.3585,0,216.829
11.4489,0,217.687
11.5398,0,218.547
11.6312,0,219.408
11.7232,0,220.271
11.8157,0,221.136
11.9088,0,222.002
12.0024,0,222.87
12.0965,0,223.74
12.1912,0,224.611
12.2865,0,225.484
12.3823,0,226.358
12.4787,0,227.235
12.5756,0,228.112
12.6731,0,228.992
12.7711,0,229.873
12.8697,0,230.755
12.9689,0,231.64
13.0686,0,232.526
13.1689,0,233.413
13.2698,0,234.302
13.3713,0,235.193
13.4733,0,236.085
13.5759,0,236.979
13.6791,0,237.875
13.7829,0,238.772
13.8872,0,239.671
13.9922,0,240.572
14.0977,0,241.474
14.2038,0,242.378
14.3106,0,243.283
14.4179,0,244.19
14.5258,0,245.099
14.6343,0,246.009
14.7434,0,246.921
14.8532,0,247.834
14.9635,0,248.749
15.0744,0,249.666
15.186,0,250.584
15.2981,0,251.504
15.4109,0,252.425
15.5243,0,253.348
15.6383,0,254.273
15.753,0,255.199
15.8682,0,256.127
15.9841,0,257.057
16.1006,0,257.988
16.2178,0,258.921
16.3355,0,259.855
16.4539,0,260.791
16.573,0,261.729
16.6927,0,262.668
16.813,0,263.608
16.934,0,264.551
17.0556,0,265.495
17.1779,0,266.44
17.3008,0,267.387
17.4244,0,268.336
17.5486,0,269.286
17.6735,0,270.238
17.799,0,271.192
17.9252,0,272.147
18.0521,0,273.104
18.1796,0,274.062
18.3078,0,275.022
18.4367,0,275.983
18.5662,0,276.946
18.6964,0,277.911
18.8273,0,278.877
18.9589,0,279.845
19.0911,0,280.814
19.2241,0,281.785
19.3577,0,282.758
19.492,0,283.732
19.627,0,284.708
19.7627,0,285.685
19.8991,0,286.664
20.0362,0,287.644
20.174,0,288.626
20.3125,0,289.61
20.4517,0,290.595
20.5916,0,291.581
20.7322,0,292.57
20.8735,0,293.56
21.0155,0,294.551
21.1583,0,295.544
21.3017,0,296.539
21.4459,0,297.535
21.5908,0,298.532
21.7365,0,299.532
21.8828,0,300.532
22.0299,0,301.535
22.1778,0,302.539
22.3263,0,303.544
22.4756,0,304.551
22.6256,0,305.56
22.7764,0,306.57
22.9279,0,307.582
23.0802,0,308.595
23.2332,0,309.61
23.387,0,310.626
23.5415,0,311.644
23.6967,0,312.664
23.8528,0,313.685
24.0095,0,314.707
24.1671,0,315.731
24.3254,0,316.757
24.4845,0,317.784
24.6443,0,318.813
24.8049,0,319.843
24.9663,0,320.875
25.1285,0,321.908
25.2914,0,322.943
25.4552,0,323.98
25.6197,0,325.018
25.785,0,326.057
25.951,0,327.098
26.1179,0,328.141
26.2856,0,329.185
26.454,0,330.23
26.6233,0,331.278
26.7933,0,332.326
26.9642,0,333.376
27.1359,0,334.428
27.3083,0,335.481
27.4816,0,336.536
27.6557,0,337.593
27.8306,0,338.65
28.0063,0,339.71
28.1828,0,340.771
28.3602,0,341.833
28.5384,0,342.897
28.7174,0,343.962
28.8972,0,345.029
29.0779,0,346.097
29.2594,0,347.167
29.4417,0,348.239
29.6249,0,349.312
29.8089,0,350.386
29.9937,0,351.462
30.1794,0,352.539
30.366,0,353.618
30.5534,0,354.699
30.7416,0,355.781
30.9307,0,356.864
31.1207,0,357.949
31.3115,0,359.036
31.5031,0,360.123
31.6957,0,361.213
31.8891,0,362.304
32.0834,0,363.396
32.2785,0,364.49
32.4745,0,365.585
32.6714,0,366.682
32.8692,0,367.781
33.0679,0,368.88
33.2674,0,369.982
33.4678,0,371.084
33.6691,0,372.189
33.8713,0,373.294
34.0744,0,374.401
34.2784,0,375.51
34.4833,0,376.62
34.6891,0,377.732
34.8958,0,378.845
35.1034,0,379.959
35.3119,0,381.075
35.5213,0,382.193
35.7316,0,383.312
35.9429,0,384.432
36.155,0,385.554
36.3681,0,386.677
36.5821,0,387.802
36.797,0,388.928
37.0129,0,390.056
37.2297,0,391.185
37.4474,0,392.316
37.666,0,393.448
37.8856,0,394.581
38.1062,0,395.716
38.3276,0,396.852
38.55,0,397.99
38.7734,0,399.129
38.9977,0,400.27
39.223,0,401.412
39.4492,0,402.556
39.6763,0,403.7
39.9045,0,404.847
40.1336,0,405.995
40.3636,0,407.144
40.5946,0,408.295
40.8266,0,409.447
41.0596,0,410.6
41.2935,0,411.755
41.5284,0,412.912
41.7643,0,414.069
42.0012,0,415.229
42.239,0,416.389
42.4779,0,417.551
42.7177,0,418.715
42.9585,0,419.879
43.2003,0,421.046
43.4431,0,422.213
43.6869,0,423.382
43.9318,0,424.553
44.1776,0,425.725
44.4244,0,426.898
44.6722,0,428.073
44.921,0,429.249
45.1709,0,430.426
45.4217,0,431.605
45.6736,0,432.785
45.9265,0,433.967
46.1805,0,435.15
46.4354,0,436.334
46.6914,0,437.52
46.9484,0,438.707
47.2064,0,439.896
47.4655,0,441.086
47.7256,0,442.277
47.9868,0,443.47
48.249,0,444.664
48.5122,0,445.859
48.7765,0,447.056
49.0418,0,448.254
49.3082,0,449.454
49.5757,0,450.655
49.8442,0,451.857
50.1138,0,453.06
50.3844,0,454.265
50.6561,0,455.472
50.9288,0,456.679
51.2027,0,457.888
51.4776,0,459.099
51.7535,0,460.31
52.0306,0,461.523
52.3087,0,462.738
52.5879,0,463.953
52.8682,0,465.171
53.1496,0,466.389
53.4321,0,467.609
53.7157,0,468.83
54.0003,0,470.052
54.2861,0,471.276
54.573,0,472.501
54.8609,0,473.727
55.15,0,474.955
55.4402,0,476.184
55.7314,0,477.414
56.0238,0,478.646
56.3173,0,479.879
56.612,0,481.113
56.9077,0,482.349
57.2046,0,483.586
57.5026,0,484.824
57.8017,0,486.064
58.1019,0,487.304
58.4033,0,488.546
58.7058,0,489.79
59.0094,0,491.035
59.3142,0,492.281
59.6202,0,493.528
59.9272,0,494.776
60.2354,0,496.026
60.5448,0,497.278
60.8553,0,498.53
61.167,0,499.784
61.4798,0,501.039
61.7938,0,502.295
62.1089,0,503.552
62.4253,0,504.811
62.7427,0,506.071
63.0614,0,507.333
63.3812,0,508.595
63.7022,0,509.859
64.0243,0,511.124
64.3477,0,512.391
64.6722,0,513.658
64.9979,0,514.927
65.3248,0,516.197
65.6528,0,517.469
65.9821,0,518.742
66.3126,0,520.015
66.6442,0,521.291
66.977,0,522.567
67.3111,0,523.845
67.6463,0,525.123
67.9828,0,526.403
68.3205,0,527.685
68.6593,0,528.967
68.9994,0,530.251
69.3407,0,531.536
69.6832,0,532.822
70.027,0,534.11
70.3719,0,535.398
70.7181,0,536.688
71.0655,0,537.979
71.4141,0,539.271
71.764,0,540.565
72.1151,0,541.86
72.4674,0,543.155
72.821,0,544.453
73.1758,0,545.751
73.5319,0,547.05
73.8892,0,548.351
74.2477,0,549.653
74.6075,0,550.956
74.9685,0,552.26
75.3309,0,553.565
75.6944,0,554.872
76.0592,0,556.18
76.4253,0,557.489
76.7927,0,558.799
77.1613,0,560.11
77.5312,0,561.422
77.9023,0,562.736
78.2748,0,564.051
78.6485,0,565.367
79.0235,0,566.684
79.3997,0,568.002
79.7773,0,569.321
80.1561,0,570.642
80.5362,0,571.963
80.9176,0,573.286
81.3004,0,574.61
81.6844,0,575.935
82.0697,0,577.261
82.4563,0,578.589
82.8442,0,579.917
83.2334,0,581.247
83.6239,0,582.577
84.0157,0,583.909
84.4088,0,585.242
84.8033,0,586.576
85.199,0,587.912
85.5961,0,589.248
85.9945,0,590.585
86.3942,0,591.924
86.7953,0,593.263
87.1977,0,594.604
87.6014,0,595.946
88.0064,0,597.289
88.4128,0,598.633
88.8205,0,599.978
89.2296,0,601.324
89.6399,0,602.671
90.0517,0,604.019
90.4648,0,605.369
90.8792,0,606.719
91.295,0,608.071
91.7121,0,609.423
92.1306,0,610.777
92.5504,0,612.132
92.9716,0,613.488
93.3942,0,614.844
93.8181,0,616.202
94.2434,0,617.561
94.6701,0,618.921
95.0981,0,620.282
95.5275,0,621.644
95.9583,0,623.007
96.3905,0,624.372
96.824,0,625.737
97.2589,0,627.103
97.6952,0,628.47
98.1329,0,629.838
98.572,0,631.208
99.0125,0,632.578
99.4543,0,633.949
99.8976,0,635.322
100.342,0,636.695
100.788,0,638.069
101.236,0,639.445
101.685,0,640.821
102.135,0,642.198
102.587,0,643.577
103.04,0,644.956
103.494,0,646.336
103.95,0,647.717
104.407,0,649.1
104.866,0,650.483
105.326,0,651.867
105.788,0,653.252
106.251,0,654.639
106.715,0,656.026
107.181,0,657.414
107.649,0,658.803
108.117,0,660.193
108.587,0,661.584
109.059,0,662.976
109.532,0,664.368
110.007,0,665.762
110.483,0,667.157
110.96,0,668.553
111.439,0,669.949
111.919,0,671.347
112.401,0,672.745
112.884,0,674.145
113.369,0,675.545
113.855,0,676.946
114.342,0,678.348
114.831,0,679.751
115.322,0,681.155
115.814,0,682.56
116.307,0,683.966
116.802,0,685.373
117.298,0,686.78
117.796,0,688.188
118.296,0,689.598
118.796,0,691.008
119.299,0,692.419
119.803,0,693.831
120.308,0,695.244
120.815,0,696.658
121.323,0,698.072
121.832,0,699.488
122.344,0,700.904
122.856,0,702.321
123.371,0,703.739
123.886,0,705.158
124.404,0,706.578
124.922,0,707.998
125.442,0,709.42
125.964,0,710.842
126.487,0,712.265
127.012,0,713.689
127.538,0,715.114
128.066,0,716.539
128.595,0,717.965
129.126,0,719.393
129.658,0,720.821
130.192,0,722.249
130.728,0,723.679
131.265,0,725.109
131.803,0,726.541
132.343,0,727.973
132.884,0,729.406
133.427,0,730.839
133.972,0,732.274
134.518,0,733.709
135.066,0,735.145
135.615,0,736.581
136.165,0,738.019
136.718,0,739.457
137.271,0,740.896
137.827,0,742.336
138.383,0,743.776
138.942,0,745.218
139.502,0,746.66
140.063,0,748.103
140.626,0,749.546
141.191,0,750.99
141.757,0,752.435
142.325,0,753.881
142.894,0,755.328
143.465,0,756.775
144.038,0,758.223
144.612,0,759.672
145.187,0,761.121
145.764,0,762.571
146.343,0,764.022
146.923,0,765.473
147.505,0,766.926
148.088,0,768.378
148.673,0,769.832
149.26,0,771.286
149.848,0,772.741
150.438,0,774.197
151.029,0,775.653
151.622,0,777.11
152.216,0,778.568
152.813,0,780.026
153.41,0,781.486
154.009,0,782.945
154.61,0,784.406
155.213,0,785.867
155.817,0,787.328
156.422,0,788.791
157.03,0,790.254
157.638,0,791.717
158.249,0,793.181
158.861,0,794.646
159.474,0,796.112
160.09,0,797.578
160.706,0,799.045
161.325,0,800.512
161.945,0,801.98
162.567,0,803.449
163.19,0,804.918
163.815,0,806.388
164.441,0,807.858
165.069,0,809.329
165.699,0,810.801
166.33,0,812.273
166.963,0,813.746
167.598,0,815.219
168.234,0,816.693
168.872,0,818.168
169.512,0,819.643
170.153,0,821.119
170.795,0,822.595
171.44,0,824.072
172.086,0,825.549
172.733,0,827.027
173.383,0,828.506
174.033,0,829.985
174.686,0,831.464
175.34,0,832.944
175.996,0,834.425
176.653,0,835.906
177.312,0,837.388
177.973,0,838.87
178.635,0,840.353
179.299,0,841.836
179.965,0,843.32
180.632,0,844.804
181.301,0,846.289
181.972,0,847.775
182.644,0,849.26
183.318,0,850.747
183.993,0,852.234
184.67,0,853.721
185.349,0,855.209
186.03,0,856.697
186.712,0,858.186
187.396,0,859.675
188.081,0,861.165
188.768,0,862.655
189.457,0,864.145
190.147,0,865.636
190.839,0,867.128
191.533,0,868.62
192.229,0,870.112
192.926,0,871.605
193.624,0,873.099
194.325,0,874.592
195.027,0,876.087
195.731,0,877.581
196.436,0,879.076
197.143,0,880.572
197.852,0,882.068
198.562,0,883.564
199.274,0,885.061
199.988,0,886.558
200.704,0,888.055
201.421,0,889.553
202.14,0,891.052
202.86,0,892.55
203.582,0,894.049
204.306,0,895.549
205.032,0,897.049
205.759,0,898.549
206.488,0,900.05
207.218,0,901.551
207.951,0,903.052
208.685,0,904.554
209.42,0,906.056
210.157,0,907.558
210.896,0,909.061
211.637,0,910.564
212.38,0,912.068
213.124,0,913.571
213.869,0,915.076
214.617,0,916.58
215.366,0,918.085
216.117,0,919.59
216.869,0,921.095
217.623,0,922.601
218.379,0,924.107
219.137,0,925.614
219.896,0,927.12
220.657,0,928.627
221.42,0,930.135
222.184,0,931.642
222.95,0,933.15
223.718,0,934.658
224.488,0,936.167
225.259,0,937.675
226.032,0,939.184
226.806,0,940.694
227.583,0,942.203
228.361,0,943.713
229.14,0,945.223
229.922,0,946.733
230.705,0,948.244
231.49,0,949.755
232.276,0,951.266
233.064,0,952.777
233.854,0,954.288
234.646,0,955.8
235.439,0,957.312
236.234,0,958.824
237.031,0,960.337
237.83,0,961.85
238.63,0,963.362
239.432,0,964.875
240.235,0,966.389
241.041,0,967.902
241.848,0,969.416
242.656,0,970.93
243.467,0,972.444
244.279,0,973.958
245.093,0,975.473
245.909,0,976.987
246.726,0,978.502
247.545,0,980.017
248.366,0,981.532
249.188,0,983.047
250.012,0,984.563
250.838,0,986.078
251.666,0,987.594
252.495,0,989.11
253.326,0,990.626
254.159,0,992.142
254.993,0,993.659
255.83,0,995.175
256.667,0,996.692
257.507,0,998.208
258.348,0,999.725
259.191,0,1001.24
260.036,0,1002.76
260.883,0,1004.28
261.731,0,1005.79
262.581,0,1007.31
263.433,0,1008.83
264.286,0,1010.35
265.141,0,1011.86
265.998,0,1013.38
266.856,0,1014.9
267.717,0,1016.42
268.579,0,1017.94
269.442,0,1019.45
270.308,0,1020.97
271.175,0,1022.49
272.044,0,1024.01
272.914,0,1025.53
273.787,0,1027.04
274.661,0,1028.56
275.537,0,1030.08
276.414,0,1031.6
277.293,0,1033.12
278.174,0,1034.64
279.057,0,1036.16
279.941,0,1037.67
280.827,0,1039.19
281.715,0,1040.71
282.605,0,1042.23
283.496,0,1043.75
284.389,0,1045.27
285.284,0,1046.79
286.18,0,1048.3
287.078,0,1049.82
287.978,0,1051.34
288.88,0,1052.86
289.783,0,1054.38
290.688,0,1055.9
291.595,0,1057.42
292.503,0,1058.94
293.414,0,1060.45
294.326,0,1061.97
295.239,0,1063.49
296.155,0,1065.01
297.072,0,1066.53
297.991,0,1068.05
298.911,0,1069.56
299.833,0,1071.08
300.757,0,1072.6
301.683,0,1074.12
302.611,0,1075.64
303.54,0,1077.15
304.471,0,1078.67
305.403,0,1080.19
306.338,0,1081.71
307.274,0,1083.22
308.211,0,1084.74
309.151,0,1086.26
310.092,0,1087.78
311.035,0,1089.29
311.98,0,1090.81
312.926,0,1092.33
313.874,0,1093.84
314.824,0,1095.36
315.776,0,1096.88
316.729,0,1098.39
317.684,0,1099.91
318.64,0,1101.43
319.599,0,1102.94
320.559,0,1104.46
321.521,0,1105.97
322.484,0,1107.49
323.45,0,1109.01
324.417,0,1110.52
325.385,0,1112.04
326.356,0,1113.55
327.328,0,1115.07
328.302,0,1116.58
329.277,0,1118.09
330.254,0,1119.61
331.233,0,1121.12
332.214,0,1122.64
333.196,0,1124.15
334.181,0,1125.66
335.166,0,1127.18
336.154,0,1128.69
337.143,0,1130.2
338.134,0,1131.72
339.127,0,1133.23
340.121,0,1134.74
341.117,0,1136.25
342.115,0,1137.76
343.115,0,1139.28
344.116,0,1140.79
345.119,0,1142.3
346.123,0,1143.81
347.13,0,1145.32
348.138,0,1146.83
349.147,0,1148.34
350.159,0,1149.85
351.172,0,1151.36
352.187,0,1152.87
353.203,0,1154.38
354.222,0,1155.88
355.241,0,1157.39
356.263,0,1158.9
357.286,0,1160.41
358.311,0,1161.92
359.338,0,1163.42
360.367,0,1164.93
361.397,0,1166.44
362.429,0,1167.94
363.462,0,1169.45
364.497,0,1170.96
365.534,0,1172.46
366.573,0,1173.97
367.613,0,1175.47
368.655,0,1176.98
369.699,0,1178.48
370.744,0,1179.98
371.791,0,1181.49
372.84,0,1182.99
373.89,0,1184.49
374.942,0,1185.99
375.996,0,1187.5
377.052,0,1189
378.109,0,1190.5
379.168,0,1192
380.228,0,1193.5
381.291,0,1195
382.354,0,1196.5
383.42,0,1198
384.487,0,1199.5
385.556,0,1201
386.627,0,1202.5
387.699,0,1203.99
388.773,0,1205.49
389.849,0,1206.99
390.926,0,1208.48
392.005,0,1209.98
393.086,0,1211.48
394.168,0,1212.97
395.252,0,1214.47
396.338,0,1215.96
397.425,0,1217.46
398.514,0,1218.95
399.605,0,1220.44
400.697,0,1221.94
401.791,0,1223.43
402.887,0,1224.92
403.984,0,1226.41
405.083,0,1227.9
406.184,0,1229.39
407.286,0,1230.88
408.39,0,1232.37
409.496,0,1233.86
410.603,0,1235.35
411.712,0,1236.84
412.823,0,1238.33
413.935,0,1239.81
415.049,0,1241.3
416.164,0,1242.79
417.281,0,1244.27
418.4,0,1245.76
419.521,0,1247.24
420.643,0,1248.73
421.767,0,1250.21
422.892,0,1251.69
424.019,0,1253.18
425.148,0,1254.66
426.278,0,1256.14
427.41,0,1257.62
428.544,0,1259.1
429.679,0,1260.58
430.816,0,1262.06
431.955,0,1263.54
433.095,0,1265.02
434.237,0,1266.5
435.38,0,1267.97
436.525,0,1269.45
437.672,0,1270.93
438.82,0,1272.4
439.97,0,1273.88
441.122,0,1275.35
442.275,0,1276.83
443.43,0,1278.3
444.586,0,1279.77
445.744,0,1281.24
446.904,0,1282.71
448.065,0,1284.19
449.228,0,1285.66
450.393,0,1287.13
451.559,0,1288.59
452.727,0,1290.06
453.896,0,1291.53
455.067,0,1293
456.24,0,1294.46
457.414,0,1295.93
458.589,0,1297.4
459.767,0,1298.86
460.946,0,1300.33
462.126,0,1301.79
463.309,0,1303.25
464.492,0,1304.71
465.678,0,1306.18
466.865,0,1307.64
468.053,0,1309.1
469.244,0,1310.56
470.435,0,1312.01
471.629,0,1313.47
472.824,0,1314.93
474.02,0,1316.39
475.218,0,1317.84
476.418,0,1319.3
477.619,0,1320.75
478.822,0,1322.21
480.026,0,1323.66
481.232,0,1325.11
482.44,0,1326.57
483.649,0,1328.02
484.86,0,1329.47
486.072,0,1330.92
487.286,0,1332.37
488.501,0,1333.82
489.718,0,1335.26
490.937,0,1336.71
492.157,0,1338.16
493.379,0,1339.6
494.602,0,1341.05
495.827,0,1342.49
497.053,0,1343.94
498.281,0,1345.38
499.51,0,1346.82
500.741,0,1348.26
501.974,0,1349.7
503.208,0,1351.14
504.444,0,1352.58
505.681,0,1354.02
506.919,0,1355.46
508.16,0,1356.89
509.402,0,1358.33
510.645,0,1359.76
511.89,0,1361.2
513.136,0,1362.63
514.384,0,1364.06
515.634,0,1365.5
516.885,0,1366.93
518.137,0,1368.36
519.391,0,1369.79
520.647,0,1371.21
521.904,0,1372.64
523.162,0,1374.07
524.422,0,1375.5
525.684,0,1376.92
526.947,0,1378.35
528.212,0,1379.77
529.478,0,1381.19
530.746,0,1382.61
532.015,0,1384.04
533.286,0,1385.46
534.558,0,1386.88
535.831,0,1388.29
537.107,0,1389.71
538.383,0,1391.13
539.661,0,1392.55
540.941,0,1393.96
542.222,0,1395.37
543.505,0,1396.79
544.789,0,1398.2
546.075,0,1399.61
547.362,0,1401.02
548.65,0,1402.43
549.94,0,1403.84
551.232,0,1405.25
552.525,0,1406.66
553.819,0,1408.07
555.115,0,1409.47
556.413,0,1410.88
557.712,0,1412.28
559.012,0,1413.68
560.314,0,1415.08
561.617,0,1416.48
562.922,0,1417.88
564.228,0,1419.28
565.536,0,1420.68
566.845,0,1422.08
568.155,0,1423.48
569.467,0,1424.87
570.781,0,1426.27
572.096,0,1427.66
573.412,0,1429.05
574.73,0,1430.44
576.049,0,1431.83
577.37,0,1433.22
578.692,0,1434.61
580.015,0,1436
581.34,0,1437.39
582.666,0,1438.77
583.994,0,1440.16
585.323,0,1441.54
586.654,0,1442.93
587.986,0,1444.31
589.32,0,1445.69
590.654,0,1447.07
591.991,0,1448.45
593.328,0,1449.83
594.667,0,1451.2
596.008,0,1452.58
597.35,0,1453.96
598.693,0,1455.33
600.038,0,1456.7
601.384,0,1458.07
602.731,0,1459.45
604.08,0,1460.82
605.431,0,1462.18
606.782,0,1463.55
608.135,0,1464.92
609.49,0,1466.29
610.846,0,1467.65
612.203,0,1469.01
613.561,0,1470.38
614.921,0,1471.74
616.283,0,1473.1
617.645,0,1474.46
619.009,0,1475.82
620.375,0,1477.18
621.741,0,1478.53
623.11,0,1479.89
624.479,0,1481.24
625.85,0,1482.6
627.222,0,1483.95
628.596,0,1485.3
629.97,0,1486.65
631.347,0,1488
632.724,0,1489.35
634.103,0,1490.69
635.483,0,1492.04
636.865,0,1493.38
638.248,0,1494.73
639.632,0,1496.07
641.018,0,1497.41
642.404,0,1498.75
643.793,0,1500.09
645.182,0,1501.43
646.573,0,1502.77
647.965,0,1504.1
649.359,0,1505.44
650.753,0,1506.77
652.15,0,1508.1
653.547,0,1509.44
654.946,0,1510.77
656.346,0,1512.09
657.747,0,1513.42
659.15,0,1514.75
660.553,0,1516.08
661.959,0,1517.4
663.365,0,1518.72
664.773,0,1520.05
666.182,0,1521.37
667.592,0,1522.69
669.004,0,1524.01
670.416,0,1525.32
671.831,0,1526.64
673.246,0,1527.96
674.663,0,1529.27
676.081,0,1530.58
677.5,0,1531.89
678.92,0,1533.21
680.342,0,1534.52
681.765,0,1535.82
683.189,0,1537.13
684.615,0,1538.44
686.041,0,1539.74
687.469,0,1541.04
688.898,0,1542.35
690.329,0,1543.65
691.76,0,1544.95
693.193,0,1546.25
694.627,0,1547.54
696.063,0,1548.84
697.499,0,1550.14
698.937,0,1551.43
700.376,0,1552.72
701.816,0,1554.01
703.258,0,1555.3
704.7,0,1556.59
706.144,0,1557.88
707.589,0,1559.17
709.035,0,1560.45
710.483,0,1561.74
711.931,0,1563.02
713.381,0,1564.3
714.832,0,1565.58
716.285,0,1566.86
717.738,0,1568.14
719.192,0,1569.42
720.648,0,1570.69
722.105,0,1571.96
723.563,0,1573.24
725.023,0,1574.51
726.483,0,1575.78
727.945,0,1577.05
729.407,0,1578.32
730.871,0,1579.58
732.336,0,1580.85
733.803,0,1582.11
735.27,0,1583.37
736.739,0,1584.64
738.208,0,1585.9
739.679,0,1587.15
741.151,0,1588.41
742.624,0,1589.67
744.098,0,1590.92
745.574,0,1592.18
747.05,0,1593.43
748.528,0,1594.68
750.007,0,1595.93
751.486,0,1597.18
752.967,0,1598.43
754.45,0,1599.67
755.933,0,1600.92
757.417,0,1602.16
758.902,0,1603.4
760.389,0,1604.64
761.877,0,1605.88
763.365,0,1607.12
764.855,0,1608.35
766.346,0,1609.59
767.838,0,1610.82
769.331,0,1612.06
770.825,0,1613.29
772.32,0,1614.52
773.817,0,1615.74
775.314,0,1616.97
776.812,0,1618.2
778.312,0,1619.42
779.812,0,1620.64
781.314,0,1621.87
782.817,0,1623.09
784.32,0,1624.31
785.825,0,1625.52
787.331,0,1626.74
788.838,0,1627.95
790.346,0,1629.17
791.855,0,1630.38
793.365,0,1631.59
794.876,0,1632.8
796.388,0,1634.01
797.901,0,1635.21
799.415,0,1636.42
800.93,0,1637.62
802.446,0,1638.83
803.963,0,1640.03
805.481,0,1641.23
807,0,1642.42
808.52,0,1643.62
810.042,0,1644.82
811.564,0,1646.01
813.087,0,1647.2
814.611,0,1648.39
816.136,0,1649.58
817.662,0,1650.77
819.189,0,1651.96
820.717,0,1653.14
822.246,0,1654.33
823.776,0,1655.51
825.307,0,1656.69
826.839,0,1657.87
828.372,0,1659.05
829.906,0,1660.23
831.441,0,1661.4
832.977,0,1662.58
834.513,0,1663.75
836.051,0,1664.92
837.59,0,1666.09
839.129,0,1667.26
840.67,0,1668.43
842.211,0,1669.59
843.753,0,1670.75
845.297,0,1671.92
846.841,0,1673.08
848.386,0,1674.24
849.932,0,1675.4
851.479,0,1676.55
853.027,0,1677.71
854.575,0,1678.86
856.125,0,1680.01
857.676,0,1681.16
859.227,0,1682.31
860.779,0,1683.46
862.333,0,1684.61
863.887,0,1685.75
865.442,0,1686.9
866.998,0,1688.04
868.555,0,1689.18
870.112,0,1690.32
871.671,0,1691.46
873.23,0,1692.59
874.79,0,1693.73
876.351,0,1694.86
877.913,0,1695.99
879.476,0,1697.12
881.04,0,1698.25
882.604,0,1699.38
884.17,0,1700.5
885.736,0,1701.63
887.303,0,1702.75
888.871,0,1703.87
890.439,0,1704.99
892.009,0,1706.11
893.579,0,1707.22
895.151,0,1708.34
896.723,0,1709.45
898.295,0,1710.56
899.869,0,1711.67
901.443,0,1712.78
903.019,0,1713.89
904.595,0,1715
906.171,0,1716.1
907.749,0,1717.2
909.327,0,1718.3
910.907,0,1719.4
912.486,0,1720.5
914.067,0,1721.6
915.649,0,1722.69
917.231,0,1723.79
918.814,0,1724.88
920.398,0,1725.97
921.982,0,1727.06
923.568,0,1728.15
925.154,0,1729.23
926.741,0,1730.32
928.328,0,1731.4
929.917,0,1732.48
931.506,0,1733.56
933.096,0,1734.64
934.686,0,1735.71
936.277,0,1736.79
937.869,0,1737.86
939.462,0,1738.93
941.056,0,1740
942.65,0,1741.07
944.245,0,1742.14
945.84,0,1743.21
947.437,0,1744.27
949.034,0,1745.33
950.631,0,1746.39
952.23,0,1747.45
953.829,0,1748.51
955.428,0,1749.57
957.029,0,1750.62
958.63,0,1751.67
960.232,0,1752.72
961.834,0,1753.77
963.438,0,1754.82
965.041,0,1755.87
966.646,0,1756.91
968.251,0,1757.96
969.857,0,1759
971.463,0,1760.04
973.07,0,1761.08
974.678,0,1762.11
976.287,0,1763.15
977.896,0,1764.18
979.505,0,1765.22
981.116,0,1766.25
982.726,0,1767.28
984.338,0,1768.3
985.95,0,1769.33
987.563,0,1770.35
989.176,0,1771.38
990.79,0,1772.4
992.405,0,1773.42
994.02,0,1774.43
995.636,0,1775.45
997.252,0,1776.46
998.869,0,1777.48
1000.49,0,1778.49
1002.11,0,1779.5
1003.72,0,1780.51
1005.34,0,1781.51
1006.96,0,1782.52
1008.58,0,1783.52
1010.2,0,1784.52
1011.83,0,1785.52
1013.45,0,1786.52
1015.07,0,1787.52
1016.69,0,1788.51
1018.32,0,1789.5
1019.94,0,1790.5
1021.57,0,1791.49
1023.19,0,1792.47
1024.82,0,1793.46
1026.45,0,1794.45
1028.07,0,1795.43
1029.7,0,1796.41
1031.33,0,1797.39
1032.96,0,1798.37
1034.59,0,1799.35
1036.22,0,1800.32
1037.85,0,1801.3
1039.48,0,1802.27
1041.11,0,1803.24
1042.74,0,1804.21
1044.37,0,1805.17
1046,0,1806.14
1047.64,0,1807.1
1049.27,0,1808.07
1050.9,0,1809.03
1052.54,0,1809.98
1054.17,0,1810.94
1055.81,0,1811.9
1057.44,0,1812.85
1059.08,0,1813.8
1060.72,0,1814.75
1062.35,0,1815.7
1063.99,0,1816.65
1065.63,0,1817.6
1067.27,0,1818.54
1068.91,0,1819.48
1070.55,0,1820.42
1072.19,0,1821.36
1073.83,0,1822.3
1075.47,0,1823.23
1077.11,0,1824.17
1078.75,0,1825.1
1080.39,0,1826.03
1082.03,0,1826.96
1083.68,0,1827.88
1085.32,0,1828.81
1086.96,0,1829.73
1088.61,0,1830.66
1090.25,0,1831.58
1091.9,0,1832.5
1093.54,0,1833.41
1095.19,0,1834.33
1096.83,0,1835.24
1098.48,0,1836.15
1100.13,0,1837.06
1101.77,0,1837.97
1103.42,0,1838.88
1105.07,0,1839.78
1106.71,0,1840.69
1108.36,0,1841.59
1110.01,0,1842.49
1111.66,0,1843.39
1113.31,0,1844.28
1114.96,0,1845.18
1116.61,0,1846.07
1118.26,0,1846.96
1119.91,0,1847.85
1121.56,0,1848.74
1123.21,0,1849.63
1124.86,0,1850.51
1126.51,0,1851.4
1128.17,0,1852.28
1129.82,0,1853.16
1131.47,0,1854.04
1133.12,0,1854.91
1134.78,0,1855.79
1136.43,0,1856.66
1138.08,0,1857.53
1139.74,0,1858.4
1141.39,0,1859.27
1143.05,0,1860.14
1144.7,0,1861
1146.36,0,1861.86
1148.01,0,1862.72
1149.67,0,1863.58
1151.32,0,1864.44
1152.98,0,1865.3
1154.64,0,1866.15
1156.29,0,1867
1157.95,0,1867.86
1159.61,0,1868.7
1161.26,0,1869.55
1162.92,0,1870.4
1164.58,0,1871.24
1166.24,0,1872.08
1167.89,0,1872.92
1169.55,0,1873.76
1171.21,0,1874.6
1172.87,0,1875.44
1174.53,0,1876.27
1176.19,0,1877.1
1177.85,0,1877.93
1179.51,0,1878.76
1181.17,0,1879.59
1182.83,0,1880.41
1184.49,0,1881.24
1186.15,0,1882.06
1187.81,0,1882.88
1189.47,0,1883.7
1191.13,0,1884.51
1192.79,0,1885.33
1194.45,0,1886.14
1196.11,0,1886.95
1197.77,0,1887.76
1199.43,0,1888.57
1201.09,0,1889.38
1202.75,0,1890.18
1204.42,0,1890.98
1206.08,0,1891.79
1207.74,0,1892.58
1209.4,0,1893.38
1211.06,0,1894.18
1212.72,0,1894.97
1214.39,0,1895.77
1216.05,0,1896.56
1217.71,0,1897.34
1219.37,0,1898.13
1221.04,0,1898.92
1222.7,0,1899.7
1224.36,0,1900.48
1226.02,0,1901.26
1227.69,0,1902.04
1229.35,0,1902.82
1231.01,0,1903.6
1232.68,0,1904.37
1234.34,0,1905.14
1236,0,1905.91
1237.67,0,1906.68
1239.33,0,1907.45
1240.99,0,1908.21
1242.66,0,1908.97
1244.32,0,1909.74
1245.98,0,1910.5
1247.65,0,1911.25
1249.31,0,1912.01
1250.97,0,1912.77
1252.64,0,1913.52
1254.3,0,1914.27
1255.96,0,1915.02
1257.63,0,1915.77
1259.29,0,1916.51
1260.95,0,1917.26
1262.62,0,1918
1264.28,0,1918.74
1265.94,0,1919.48
1267.61,0,1920.22
1269.27,0,1920.95
1270.93,0,1921.69
1272.6,0,1922.42
1274.26,0,1923.15
1275.92,0,1923.88
1277.58,0,1924.61
1279.25,0,1925.33
1280.91,0,1926.05
1282.57,0,1926.78
1284.24,0,1927.5
1285.9,0,1928.21
1287.56,0,1928.93
1289.22,0,1929.65
1290.89,0,1930.36
1292.55,0,1931.07
1294.21,0,1931.78
1295.87,0,1932.49
1297.54,0,1933.2
1299.2,0,1933.9
1300.86,0,1934.6
1302.52,0,1935.31
1304.18,0,1936
1305.85,0,1936.7
1307.51,0,1937.4
1309.17,0,1938.09
1310.83,0,1938.79
1312.49,0,1939.48
1314.15,0,1940.17
1315.81,0,1940.85
1317.47,0,1941.54
1319.13,0,1942.22
1320.79,0,1942.91
1322.45,0,1943.59
1324.11,0,1944.27
1325.77,0,1944.94
1327.43,0,1945.62
1329.09,0,1946.29
1330.75,0,1946.96
1332.41,0,1947.63
1334.07,0,1948.3
1335.73,0,1948.97
1337.39,0,1949.63
1339.05,0,1950.3
1340.71,0,1950.96
1342.36,0,1951.62
1344.02,0,1952.28
1345.68,0,1952.94
1347.34,0,1953.59
1349,0,1954.24
1350.65,0,1954.9
1352.31,0,1955.54
1353.97,0,1956.19
1355.62,0,1956.84
1357.28,0,1957.48
1358.93,0,1958.13
1360.59,0,1958.77
1362.25,0,1959.41
1363.9,0,1960.05
1365.56,0,1960.68
1367.21,0,1961.32
1368.86,0,1961.95
1370.52,0,1962.58
1372.17,0,1963.21
1373.83,0,1963.84
1375.48,0,1964.46
1377.13,0,1965.09
1378.79,0,1965.71
1380.44,0,1966.33
1382.09,0,1966.95
1383.74,0,1967.57
1385.39,0,1968.18
1387.05,0,1968.8
1388.7,0,1969.41
1390.35,0,1970.02
1392,0,1970.63
1393.65,0,1971.24
1395.3,0,1971.84
1396.95,0,1972.45
1398.6,0,1973.05
1400.24,0,1973.65
1401.89,0,1974.25
1403.54,0,1974.85
1405.19,0,1975.44
1406.84,0,1976.03
1408.48,0,1976.63
1410.13,0,1977.22
1411.78,0,1977.81
1413.42,0,1978.39
1415.07,0,1978.98
1416.71,0,1979.56
1418.36,0,1980.14
1420,0,1980.72
1421.65,0,1981.3
1423.29,0,1981.88
1424.93,0,1982.45
1426.58,0,1983.03
1428.22,0,1983.6
1429.86,0,1984.17
1431.5,0,1984.74
1433.14,0,1985.31
1434.78,0,1985.87
1436.43,0,1986.43
1438.07,0,1987
1439.7,0,1987.56
1441.34,0,1988.12
1442.98,0,1988.67
1444.62,0,1989.23
1446.26,0,1989.78
1447.9,0,1990.33
1449.53,0,1990.88
1451.17,0,1991.43
1452.81,0,1991.98
1454.44,0,1992.52
1456.08,0,1993.07
1457.71,0,1993.61
1459.35,0,1994.15
1460.98,0,1994.69
1462.61,0,1995.22
1464.25,0,1995.76
1465.88,0,1996.29
1467.51,0,1996.83
1469.14,0,1997.36
1470.77,0,1997.88
1472.4,0,1998.41
1474.03,0,1998.94
1475.66,0,1999.46
1477.29,0,1999.98
1478.92,0,2000.5
1480.55,0,2001.02
1482.17,0,2001.54
1483.8,0,2002.05
1485.43,0,2002.57
1487.05,0,2003.08
1488.68,0,2003.59
1490.3,0,2004.1
1491.93,0,2004.61
1493.55,0,2005.11
1495.17,0,2005.62
1496.8,0,2006.12
1498.42,0,2006.62
1500.04,0,2007.12
1501.66,0,2007.62
1503.28,0,2008.11
1504.9,0,2008.61
1506.52,0,2009.1
1508.14,0,2009.59
1509.76,0,2010.08
1511.37,0,2010.57
1512.99,0,2011.05
1514.61,0,2011.54
1516.22,0,2012.02
1517.84,0,2012.5
1519.45,0,2012.98
1521.07,0,2013.46
1522.68,0,2013.94
1524.29,0,2014.41
1525.9,0,2014.88
1527.51,0,2015.36
1529.12,0,2015.83
1530.73,0,2016.3
1532.34,0,2016.76
1533.95,0,2017.23
1535.56,0,2017.69
1537.17,0,2018.15
1538.78,0,2018.61
1540.38,0,2019.07
1541.99,0,2019.53
1543.59,0,2019.98
1545.2,0,2020.44
1546.8,0,2020.89
1548.4,0,2021.34
1550.01,0,2021.79
1551.61,0,2022.24
1553.21,0,2022.69
1554.81,0,2023.13
1556.41,0,2023.57
1558.01,0,2024.01
1559.6,0,2024.45
1561.2,0,2024.89
1562.8,0,2025.33
1564.39,0,2025.76
1565.99,0,2026.2
1567.58,0,2026.63
1569.18,0,2027.06
1570.77,0,2027.49
1572.36,0,2027.92
1573.96,0,2028.34
1575.55,0,2028.77
1577.14,0,2029.19
1578.73,0,2029.61
1580.31,0,2030.03
1581.9,0,2030.45
1583.49,0,2030.86
1585.08,0,2031.28
1586.66,0,2031.69
1588.25,0,2032.1
1589.83,0,2032.51
1591.42,0,2032.92
1593,0,2033.33
1594.58,0,2033.73
1596.16,0,2034.14
1597.74,0,2034.54
1599.32,0,2034.94
1600.9,0,2035.34
1602.48,0,2035.74
1604.06,0,2036.13
1605.63,0,2036.53
1607.21,0,2036.92
1608.78,0,2037.31
1610.36,0,2037.7
1611.93,0,2038.09
1613.5,0,2038.48
1615.07,0,2038.87
1616.65,0,2039.25
1618.22,0,2039.63
1619.78,0,2040.01
1621.35,0,2040.39
1622.92,0,2040.77
1624.49,0,2041.15
1626.05,0,2041.52
1627.62,0,2041.9
1629.18,0,2042.27
1630.75,0,2042.64
1632.31,0,2043.01
1633.87,0,2043.38
1635.43,0,2043.74
1636.99,0,2044.11
1638.55,0,2044.47
1640.11,0,2044.83
1641.66,0,2045.19
1643.22,0,2045.55
1644.78,0,2045.91
1646.33,0,2046.26
1647.88,0,2046.62
1649.44,0,2046.97
1650.99,0,2047.32
1652.54,0,2047.67
1654.09,0,2048.02
1655.64,0,2048.36
1657.19,0,2048.71
1658.74,0,2049.05
1660.28,0,2049.4
1661.83,0,2049.74
1663.37,0,2050.08
1664.92,0,2050.42
1666.46,0,2050.75
1668,0,2051.09
1669.54,0,2051.42
1671.08,0,2051.75
1672.62,0,2052.08
1674.16,0,2052.41
1675.7,0,2052.74
1677.23,0,2053.07
1678.77,0,2053.39
1680.3,0,2053.72
1681.84,0,2054.04
1683.37,0,2054.36
1684.9,0,2054.68
1686.43,0,2055
1687.96,0,2055.31
1689.49,0,2055.63
1691.02,0,2055.94
1692.54,0,2056.25
1694.07,0,2056.56
1695.59,0,2056.87
1697.12,0,2057.18
1698.64,0,2057.49
1700.16,0,2057.79
1701.68,0,2058.1
1703.2,0,2058.4
1704.72,0,2058.7
1706.24,0,2059
1707.76,0,2059.3
1709.27,0,2059.59
1710.79,0,2059.89
1712.3,0,2060.18
1713.81,0,2060.48
1715.33,0,2060.77
1716.84,0,2061.06
1718.35,0,2061.35
1719.85,0,2061.63
1721.36,0,2061.92
1722.87,0,2062.2
1724.37,0,2062.49
1725.88,0,2062.77
1727.38,0,2063.05
1728.88,0,2063.33
1730.38,0,2063.6
1731.88,0,2063.88
1733.38,0,2064.15
1734.88,0,2064.43
1736.38,0,2064.7
1737.87,0,2064.97
1739.37,0,2065.24
1740.86,0,2065.51
1742.36,0,2065.77
1743.85,0,2066.04
1745.34,0,2066.3
1746.83,0,2066.57
1748.31,0,2066.83
1749.8,0,2067.09
1751.29,0,2067.35
1752.77,0,2067.6
1754.26,0,2067.86
1755.74,0,2068.11
1757.22,0,2068.37
1758.7,0,2068.62
1760.18,0,2068.87
1761.66,0,2069.12
1763.14,0,2069.37
1764.61,0,2069.62
1766.09,0,2069.86
1767.56,0,2070.11
1769.03,0,2070.35
1770.51,0,2070.59
1771.98,0,2070.83
1773.45,0,2071.07
1774.91,0,2071.31
1776.38,0,2071.54
1777.85,0,2071.78
1779.31,0,2072.01
1780.77,0,2072.25
1782.24,0,2072.48
1783.7,0,2072.71
1785.16,0,2072.94
1786.62,0,2073.16
1788.07,0,2073.39
1789.53,0,2073.61
1790.99,0,2073.84
1792.44,0,2074.06
1793.89,0,2074.28
1795.34,0,2074.5
1796.79,0,2074.72
1798.24,0,2074.94
1799.69,0,2075.16
1801.14,0,2075.37
1802.59,0,2075.58
1804.03,0,2075.8
1805.47,0,2076.01
1806.92,0,2076.22
1808.36,0,2076.43
1809.8,0,2076.63
1811.23,0,2076.84
1812.67,0,2077.05
1814.11,0,2077.25
1815.54,0,2077.45
1816.98,0,2077.66
1818.41,0,2077.86
1819.84,0,2078.05
1821.27,0,2078.25
1822.7,0,2078.45
1824.13,0,2078.65
1825.55,0,2078.84
1826.98,0,2079.03
1828.4,0,2079.22
1829.82,0,2079.42
1831.24,0,2079.61
1832.66,0,2079.79
1834.08,0,2079.98
1835.5,0,2080.17
1836.92,0,2080.35
1838.33,0,2080.54
1839.74,0,2080.72
1841.16,0,2080.9
1842.57,0,2081.08
1843.98,0,2081.26
1845.39,0,2081.44
1846.79,0,2081.61
1848.2,0,2081.79
1849.6,0,2081.96
1851.01,0,2082.14
1852.41,0,2082.31
1853.81,0,2082.48
1855.21,0,2082.65
1856.61,0,2082.82
1858.01,0,2082.99
1859.4,0,2083.16
1860.79,0,2083.32
1862.19,0,2083.49
1863.58,0,2083.65
1864.97,0,2083.81
1866.36,0,2083.97
1867.75,0,2084.13
1869.13,0,2084.29
1870.52,0,2084.45
1871.9,0,2084.6
1873.28,0,2084.76
1874.66,0,2084.91
1876.04,0,2085.07
1877.42,0,2085.22
1878.8,0,2085.37
1880.18,0,2085.52
1881.55,0,2085.67
1882.92,0,2085.82
1884.29,0,2085.97
1885.66,0,2086.11
1887.03,0,2086.26
1888.4,0,2086.4
1889.77,0,2086.54
1891.13,0,2086.68
1892.5,0,2086.82
1893.86,0,2086.96
1895.22,0,2087.1
1896.58,0,2087.24
1897.94,0,2087.38
1899.29,0,2087.51
1900.65,0,2087.65
1902,0,2087.78
1903.35,0,2087.91
1904.71,0,2088.04
1906.06,0,2088.17
1907.4,0,2088.3
1908.75,0,2088.43
1910.1,0,2088.56
1911.44,0,2088.68
1912.78,0,2088.81
1914.12,0,2088.93
1915.46,0,2089.06
1916.8,0,2089.18
1918.14,0,2089.3
1919.48,0,2089.42
1920.81,0,2089.54
1922.14,0,2089.66
1923.47,0,2089.77
1924.8,0,2089.89
1926.13,0,2090.01
1927.46,0,2090.12
1928.79,0,2090.23
1930.11,0,2090.35
1931.43,0,2090.46
1932.75,0,2090.57
1934.07,0,2090.68
1935.39,0,2090.79
1936.71,0,2090.89
1938.03,0,2091
1939.34,0,2091.11
1940.65,0,2091.21
1941.96,0,2091.31
1943.27,0,2091.42
1944.58,0,2091.52
1945.89,0,2091.62
1947.2,0,2091.72
1948.5,0,2091.82
1949.8,0,2091.92
1951.1,0,2092.01
1952.4,0,2092.11
1953.7,0,2092.21
1955,0,2092.3
1956.29,0,2092.39
1957.59,0,2092.49
1958.88,0,2092.58
1960.17,0,2092.67
1961.46,0,2092.76
1962.75,0,2092.85
1964.04,0,2092.94
1965.32,0,2093.03
1966.6,0,2093.11
1967.89,0,2093.2
1969.17,0,2093.28
1970.45,0,2093.37
1971.72,0,2093.45
1973,0,2093.53
1974.27,0,2093.61
1975.55,0,2093.69
1976.82,0,2093.77
1978.09,0,2093.85
1979.36,0,2093.93
1980.62,0,2094.01
1981.89,0,2094.09
1983.15,0,2094.16
1984.42,0,2094.24
1985.68,0,2094.31
1986.94,0,2094.38
1988.2,0,2094.46
1989.45,0,2094.53
1990.71,0,2094.6
1991.96,0,2094.67
1993.21,0,2094.74
1994.46,0,2094.8
1995.71,0,2094.87
1996.96,0,2094.94
1998.2,0,2095
1999.45,0,2095.07
2000.69,0,2095.13
2001.93,0,2095.2
2003.17,0,2095.26
2004.41,0,2095.32
2005.65,0,2095.38
2006.88,0,2095.44
2008.12,0,2095.5
2009.35,0,2095.56
2010.58,0,2095.62
2011.81,0,2095.68
2013.03,0,2095.74
2014.26,0,2095.79
2015.48,0,2095.85
2016.71,0,2095.9
2017.93,0,2095.95
2019.15,0,2096.01
2020.36,0,2096.06
2021.58,0,2096.11
2022.8,0,2096.16
2024.01,0,2096.21
2025.22,0,2096.26
2026.43,0,2096.31
2027.64,0,2096.36
2028.85,0,2096.41
2030.05,0,2096.45
2031.26,0,2096.5
2032.46,0,2096.54
2033.66,0,2096.59
2034.86,0,2096.63
2036.05,0,2096.68
2037.25,0,2096.72
2038.44,0,2096.76
2039.64,0,2096.8
2040.83,0,2096.84
2042.02,0,2096.88
2043.21,0,2096.92
2044.39,0,2096.96
2045.58,0,2097
2046.76,0,2097.03
2047.94,0,2097.07
2049.12,0,2097.11
2050.3,0,2097.14
2051.48,0,2097.18
2052.65,0,2097.21
2053.83,0,2097.24
2055,0,2097.28
2056.17,0,2097.31
2057.34,0,2097.34
2058.5,0,2097.37
2059.67,0,2097.4
2060.83,0,2097.43
2062,0,2097.46
2063.16,0,2097.49
2064.31,0,2097.52
2065.47,0,2097.54
2066.63,0,2097.57
2067.78,0,2097.6
2068.93,0,2097.62
2070.09,0,2097.65
2071.23,0,2097.67
2072.38,0,2097.7
2073.53,0,2097.72
2074.67,0,2097.74
2075.82,0,2097.76
2076.96,0,2097.78
2078.1,0,2097.81
2079.23,0,2097.83
2080.37,0,2097.85
2081.51,0,2097.87
2082.64,0,2097.88
2083.77,0,2097.9
2084.9,0,2097.92
2086.03,0,2097.94
2087.15,0,2097.96
2088.28,0,2097.97
2089.4,0,2097.99
2090.52,0,2098
2091.64,0,2098.02
2092.76,0,2098.03
2093.88,0,2098.04
2094.99,0,2098.06
2096.11,0,2098.07
2097.22,0,2098.08
2098.33,0,2098.09
2099.44,0,2098.11
2100.54,0,2098.12
2101.65,0,2098.13
2102.75,0,2098.14
2103.85,0,2098.15
2104.95,0,2098.16
2106.05,0,2098.16
2107.15,0,2098.17
2108.24,0,2098.18
2109.34,0,2098.19
2110.43,0,2098.19
2111.52,0,2098.2
2112.61,0,2098.21
2113.69,0,2098.21
2114.78,0,2098.22
2115.86,0,2098.22
2116.94,0,2098.22
2118.02,0,2098.23
2119.1,0,2098.23
2120.18,0,2098.23
2121.25,0,2098.24
2122.33,0,2098.24
2123.4,0,2098.24
2124.47,0,2098.24
2125.54,0,2098.24
2126.6,0,2098.24
2127.67,0,2098.24
2128.73,0,2098.24
2129.79,0,2098.24
2130.85,0,2098.24
2131.91,0,2098.24
2132.97,0,2098.24
2134.02,0,2098.24
2135.07,0,2098.23
2136.13,0,2098.23
2137.18,0,2098.23
2138.22,0,2098.22
2139.27,0,2098.22
2140.31,0,2098.22
2141.36,0,2098.21
2142.4,0,2098.21
2143.44,0,2098.2
2144.48,0,2098.2
2145.51,0,2098.19
2146.55,0,2098.18
2147.58,0,2098.18
2148.61,0,2098.17
2149.64,0,2098.16
2150.67,0,2098.16
2151.69,0,2098.15
2152.72,0,2098.14
2153.74,0,2098.13
2154.76,0,2098.12
2155.78,0,2098.11
2156.8,0,2098.11
2157.81,0,2098.1
2158.83,0,2098.09
2159.84,0,2098.08
2160.85,0,2098.07
2161.86,0,2098.06
2162.87,0,2098.04
2163.87,0,2098.03
2164.88,0,2098.02
2165.88,0,2098.01
2166.88,0,2098
2167.88,0,2097.99
2168.88,0,2097.98
2169.87,0,2097.96
2170.87,0,2097.95
2171.86,0,2097.94
2172.85,0,2097.92
2173.84,0,2097.91
2174.82,0,2097.9
2175.81,0,2097.88
2176.79,0,2097.87
2177.77,0,2097.86
2178.75,0,2097.84
2179.73,0,2097.83
2180.71,0,2097.81
2181.68,0,2097.8
2182.66,0,2097.78
2183.63,0,2097.77
2184.6,0,2097.75
2185.57,0,2097.74
2186.53,0,2097.72
2187.5,0,2097.71
2188.46,0,2097.69
2189.42,0,2097.67
2190.38,0,2097.66
2191.34,0,2097.64
2192.29,0,2097.62
2193.25,0,2097.61
2194.2,0,2097.59
2195.15,0,2097.57
2196.1,0,2097.56
2197.05,0,2097.54
2197.99,0,2097.52
2198.94,0,2097.5
2199.88,0,2097.49
2200.82,0,2097.47
2201.76,0,2097.45
2202.7,0,2097.43
2203.63,0,2097.42
2204.57,0,2097.4
2205.5,0,2097.38
2206.43,0,2097.36
2207.36,0,2097.34
2208.28,0,2097.33
2209.21,0,2097.31
2210.13,0,2097.29
2211.05,0,2097.27
2211.97,0,2097.25
2212.89,0,2097.23
2213.81,0,2097.21
2214.72,0,2097.2
2215.63,0,2097.18
2216.55,0,2097.16
2217.46,0,2097.14
2218.36,0,2097.12
2219.27,0,2097.1
2220.17,0,2097.08
2221.08,0,2097.06
2221.98,0,2097.04
2222.88,0,2097.02
2223.77,0,2097.01
2224.67,0,2096.99
2225.56,0,2096.97
2226.46,0,2096.95
2227.35,0,2096.93
2228.24,0,2096.91
2229.12,0,2096.89
2230.01,0,2096.87
2230.89,0,2096.85
2231.77,0,2096.83
2232.65,0,2096.82
2233.53,0,2096.8
2234.41,0,2096.78
2235.28,0,2096.76
2236.16,0,2096.74
2237.03,0,2096.72
2237.9,0,2096.7
2238.77,0,2096.69
2239.63,0,2096.67
2240.5,0,2096.65
2241.36,0,2096.63
2242.22,0,2096.61
2243.08,0,2096.59
2243.94,0,2096.58
2244.8,0,2096.56
2245.65,0,2096.54
2246.5,0,2096.52
2247.35,0,2096.5
2248.2,0,2096.49
2249.05,0,2096.47
2249.9,0,2096.45
2250.74,0,2096.43
2251.58,0,2096.42
2252.42,0,2096.4
2253.26,0,2096.38
2254.1,0,2096.36
2254.94,0,2096.35
2255.77,0,2096.33
2256.6,0,2096.32
2257.43,0,2096.3
2258.26,0,2096.28
2259.09,0,2096.27
2259.91,0,2096.25
2260.74,0,2096.23
2261.56,0,2096.22
2262.38,0,2096.2
2263.2,0,2096.19
2264.01,0,2096.17
2264.83,0,2096.16
2265.64,0,2096.14
2266.45,0,2096.13
2267.26,0,2096.12
2268.07,0,2096.1
2268.88,0,2096.09
2269.68,0,2096.07
2270.48,0,2096.06
2271.29,0,2096.05
2272.09,0,2096.03
2272.88,0,2096.02
2273.68,0,2096.01
2274.47,0,2096
2275.27,0,2095.98
2276.06,0,2095.97
2276.85,0,2095.96
2277.63,0,2095.95
2278.42,0,2095.94
2279.2,0,2095.93
2279.99,0,2095.91
2280.77,0,2095.9
2281.55,0,2095.89
2282.32,0,2095.88
2283.1,0,2095.87
2283.87,0,2095.86
2284.64,0,2095.86
2285.42,0,2095.85
2286.18,0,2095.84
2286.95,0,2095.83
2287.72,0,2095.82
2288.48,0,2095.81
2289.24,0,2095.81
2290,0,2095.8
2290.76,0,2095.79
2291.52,0,2095.79
2292.27,0,2095.78
2293.03,0,2095.77
2293.78,0,2095.77
2294.53,0,2095.76
2295.28,0,2095.76
2296.02,0,2095.75
2296.77,0,2095.75
2297.51,0,2095.74
2298.25,0,2095.74
2298.99,0,2095.74
2299.73,0,2095.73
2300.47,0,2095.73
2301.2,0,2095.73
2301.94,0,2095.73
2302.67,0,2095.73
2303.4,0,2095.72
2304.13,0,2095.72
2304.85,0,2095.72
2305.58,0,2095.72
2306.3,0,2095.72
2307.02,0,2095.72
2307.74,0,2095.73
2308.46,0,2095.73
2309.18,0,2095.73
2309.89,0,2095.73
2310.61,0,2095.73
2311.32,0,2095.74
2312.03,0,2095.74
2312.74,0,2095.74
2313.44,0,2095.75
2314.15,0,2095.75
2314.85,0,2095.76
2315.55,0,2095.76
2316.25,0,2095.77
2316.95,0,2095.78
2317.64,0,2095.78
2318.34,0,2095.79
2319.03,0,2095.8
2319.72,0,2095.81
2320.41,0,2095.82
2321.1,0,2095.82
2321.79,0,2095.83
2322.47,0,2095.84
2323.16,0,2095.86
2323.84,0,2095.87
2324.52,0,2095.88
2325.2,0,2095.89
2325.87,0,2095.9
2326.55,0,2095.92
2327.22,0,2095.93
2327.89,0,2095.94
2328.56,0,2095.96
2329.23,0,2095.97
2329.9,0,2095.99
2330.56,0,2096
2331.22,0,2096.02
2331.89,0,2096.04
2332.55,0,2096.06
2333.21,0,2096.07
2333.86,0,2096.09
2334.52,0,2096.11
2335.17,0,2096.13
2335.82,0,2096.15
2336.47,0,2096.17
2337.12,0,2096.19
2337.77,0,2096.22
2338.41,0,2096.24
2339.06,0,2096.26
2339.7,0,2096.29
2340.34,0,2096.31
2340.98,0,2096.33
2341.62,0,2096.36
2342.25,0,2096.39
2342.88,0,2096.41
2343.52,0,2096.44
2344.15,0,2096.47
2344.78,0,2096.49
2345.4,0,2096.52
2346.03,0,2096.55
2346.65,0,2096.58
2347.28,0,2096.61
2347.9,0,2096.65
2348.52,0,2096.68
2349.14,0,2096.71
2349.75,0,2096.74
2350.37,0,2096.78
2350.98,0,2096.81
2351.59,0,2096.85
2352.2,0,2096.88
2352.81,0,2096.92
2353.42,0,2096.95
2354.02,0,2096.99
2354.62,0,2097.03
2355.23,0,2097.07
2355.83,0,2097.11
2356.42,0,2097.15
2357.02,0,2097.19
2357.62,0,2097.23
2358.21,0,2097.27
2358.8,0,2097.32
2359.39,0,2097.36
2359.98,0,2097.4
2360.57,0,2097.45
2361.16,0,2097.5
2361.74,0,2097.54
2362.32,0,2097.59
2362.9,0,2097.64
2363.48,0,2097.68
2364.06,0,2097.73
2364.64,0,2097.78
2365.21,0,2097.83
2365.79,0,2097.89
2366.36,0,2097.94
2366.93,0,2097.99
2367.5,0,2098.04
2368.06,0,2098.1
2368.63,0,2098.15
2369.19,0,2098.21
2369.76,0,2098.26
2370.32,0,2098.32
2370.88,0,2098.38
2371.43,0,2098.44
2371.99,0,2098.5
2372.55,0,2098.56
2373.1,0,2098.62
2373.65,0,2098.68
2374.2,0,2098.74
2374.75,0,2098.81
2375.3,0,2098.87
2375.84,0,2098.94
2376.39,0,2099
2376.93,0,2099.07
2377.47,0,2099.13
2378.01,0,2099.2
2378.55,0,2099.27
2379.08,0,2099.34
2379.62,0,2099.41
2380.15,0,2099.48
2380.68,0,2099.55
2381.21,0,2099.63
2381.74,0,2099.7
2382.27,0,2099.78
2382.79,0,2099.85
2383.32,0,2099.93
2383.84,0,2100
2384.36,0,2100.08
2384.88,0,2100.16
2385.4,0,2100.24
2385.92,0,2100.32
2386.43,0,2100.4
2386.94,0,2100.48
2387.46,0,2100.57
2387.97,0,2100.65
2388.48,0,2100.73
2388.98,0,2100.82
2389.49,0,2100.91
2389.99,0,2100.99
2390.5,0,2101.08
2391,0,2101.17
2391.5,0,2101.26
2392,0,2101.35
2392.5,0,2101.44
2392.99,0,2101.53
2393.49,0,2101.63
2393.98,0,2101.72
2394.47,0,2101.82
2394.96,0,2101.91
2395.45,0,2102.01
2395.93,0,2102.11
2396.42,0,2102.21
2396.9,0,2102.31
2397.39,0,2102.41
2397.87,0,2102.51
2398.35,0,2102.61
2398.83,0,2102.71
2399.3,0,2102.82
2399.78,0,2102.92
2400.25,0,2103.03
2400.72,0,2103.14
2401.2,0,2103.25
2401.67,0,2103.35
2402.13,0,2103.47
2402.6,0,2103.58
2403.07,0,2103.69
2403.53,0,2103.8
2403.99,0,2103.91
2404.45,0,2104.03
2404.91,0,2104.15
2405.37,0,2104.26
2405.83,0,2104.38
2406.28,0,2104.5
2406.74,0,2104.62
2407.19,0,2104.74
2407.64,0,2104.86
2408.09,0,2104.98
2408.54,0,2105.11
2408.99,0,2105.23
2409.43,0,2105.36
2409.87,0,2105.48
2410.32,0,2105.61
2410.76,0,2105.74
2411.2,0,2105.87
2411.64,0,2106
2412.07,0,2106.13
2412.51,0,2106.27
2412.94,0,2106.4
2413.38,0,2106.54
2413.81,0,2106.67
2414.24,0,2106.81
2414.67,0,2106.95
2415.1,0,2107.09
2415.52,0,2107.23
2415.95,0,2107.37
2416.37,0,2107.51
2416.79,0,2107.65
2417.21,0,2107.8
2417.63,0,2107.94
2418.05,0,2108.09
2418.47,0,2108.24
2418.88,0,2108.38
2419.3,0,2108.53
2419.71,0,2108.69
2420.12,0,2108.84
2420.53,0,2108.99
2420.94,0,2109.14
2421.35,0,2109.3
2421.75,0,2109.46
2422.16,0,2109.61
2422.56,0,2109.77
2422.96,0,2109.93
2423.36,0,2110.09
2423.76,0,2110.25
2424.16,0,2110.42
2424.56,0,2110.58
2424.95,0,2110.74
2425.35,0,2110.91
2425.74,0,2111.08
2426.13,0,2111.25
2426.52,0,2111.42
2426.91,0,2111.59
2427.3,0,2111.76
2427.68,0,2111.93
2428.07,0,2112.11
2428.45,0,2112.28
2428.83,0,2112.46
2429.21,0,2112.64
2429.59,0,2112.81
2429.97,0,2112.99
2430.35,0,2113.17
2430.73,0,2113.36
2431.1,0,2113.54
2431.47,0,2113.72
2431.85,0,2113.91
2432.22,0,2114.1
2432.59,0,2114.29
2432.96,0,2114.47
2433.32,0,2114.67
2433.69,0,2114.86
2434.05,0,2115.05
2434.42,0,2115.24
2434.78,0,2115.44
2435.14,0,2115.63
2435.5,0,2115.83
2435.86,0,2116.03
2436.21,0,2116.23
2436.57,0,2116.43
2436.93,0,2116.63
2437.28,0,2116.84
2437.63,0,2117.04
2437.98,0,2117.25
2438.33,0,2117.46
2438.68,0,2117.66
2439.03,0,2117.87
2439.37,0,2118.09
2439.72,0,2118.3
2440.06,0,2118.51
2440.41,0,2118.73
2440.75,0,2118.94
2441.09,0,2119.16
2441.43,0,2119.38
2441.76,0,2119.6
2442.1,0,2119.82
2442.44,0,2120.04
2442.77,0,2120.26
2443.1,0,2120.49
2443.44,0,2120.71
2443.77,0,2120.94
2444.1,0,2121.17
2444.42,0,2121.4
2444.75,0,2121.63
2445.08,0,2121.86
2445.4,0,2122.09
2445.73,0,2122.33
2446.05,0,2122.56
2446.37,0,2122.8
2446.69,0,2123.04
2447.01,0,2123.28
2447.33,0,2123.52
2447.64,0,2123.76
2447.96,0,2124.01
2448.28,0,2124.25
2448.59,0,2124.5
2448.9,0,2124.75
2449.21,0,2125
2449.52,0,2125.25
2449.83,0,2125.5
2450.14,0,2125.75
2450.45,0,2126
2450.75,0,2126.26
2451.06,0,2126.52
2451.36,0,2126.77
2451.66,0,2127.03
2451.96,0,2127.3
2452.26,0,2127.56
2452.56,0,2127.82
2452.86,0,2128.09
2453.16,0,2128.35
2453.45,0,2128.62
2453.75,0,2128.89
2454.04,0,2129.16
2454.33,0,2129.43
2454.63,0,2129.7
2454.92,0,2129.98
2455.21,0,2130.25
2455.49,0,2130.53
2455.78,0,2130.81
2456.07,0,2131.09
2456.35,0,2131.37
2456.64,0,2131.65
2456.92,0,2131.93
2457.2,0,2132.22
2457.48,0,2132.51
2457.76,0,2132.79
2458.04,0,2133.08
2458.32,0,2133.37
2458.6,0,2133.67
2458.87,0,2133.96
2459.15,0,2134.25
2459.42,0,2134.55
2459.69,0,2134.85
2459.97,0,2135.15
2460.24,0,2135.45
2460.51,0,2135.75
2460.77,0,2136.05
2461.04,0,2136.36
2461.31,0,2136.66
2461.57,0,2136.97
2461.84,0,2137.28
2462.1,0,2137.59
2462.37,0,2137.9
2462.63,0,2138.21
2462.89,0,2138.53
2463.15,0,2138.84
2463.41,0,2139.16
2463.67,0,2139.48
2463.92,0,2139.8
2464.18,0,2140.12
2464.43,0,2140.44
2464.69,0,2140.77
2464.94,0,2141.1
2465.19,0,2141.42
2465.44,0,2141.75
2465.69,0,2142.08
2465.94,0,2142.41
2466.19,0,2142.75
2466.44,0,2143.08
2466.69,0,2143.42
2466.93,0,2143.75
2467.18,0,2144.09
2467.42,0,2144.43
2467.66,0,2144.78
2467.91,0,2145.12
2468.15,0,2145.46
2468.39,0,2145.81
2468.63,0,2146.16
2468.86,0,2146.51
2469.1,0,2146.86
2469.34,0,2147.21
2469.57,0,2147.56
2469.81,0,2147.92
2470.04,0,2148.27
2470.28,0,2148.63
2470.51,0,2148.99
2470.74,0,2149.35
2470.97,0,2149.72
2471.2,0,2150.08
2471.43,0,2150.44
2471.66,0,2150.81
2471.88,0,2151.18
2472.11,0,2151.55
2472.33,0,2151.92
2472.56,0,2152.29
2472.78,0,2152.67
2473,0,2153.05
2473.23,0,2153.42
2473.45,0,2153.8
2473.67,0,2154.18
2473.89,0,2154.56
2474.11,0,2154.95
2474.32,0,2155.33
2474.54,0,2155.72
2474.76,0,2156.11
2474.97,0,2156.5
2475.19,0,2156.89
2475.4,0,2157.28
2475.61,0,2157.67
2475.83,0,2158.07
2476.04,0,2158.47
2476.25,0,2158.87
2476.46,0,2159.27
2476.67,0,2159.67
2476.87,0,2160.07
2477.08,0,2160.48
2477.29,0,2160.88
2477.49,0,2161.29
2477.7,0,2161.7
2477.9,0,2162.11
2478.11,0,2162.52
2478.31,0,2162.94
2478.51,0,2163.35
2478.71,0,2163.77
2478.91,0,2164.19
2479.11,0,2164.61
2479.31,0,2165.03
2479.51,0,2165.46
2479.71,0,2165.88
2479.91,0,2166.31
2480.1,0,2166.74
2480.3,0,2167.17
2480.49,0,2167.6
2480.69,0,2168.03
2480.88,0,2168.46
2481.07,0,2168.9
2481.26,0,2169.34
2481.46,0,2169.78
2481.65,0,2170.22
2481.84,0,2170.66
2482.03,0,2171.1
2482.21,0,2171.55
2482.4,0,2172
2482.59,0,2172.44
2482.77,0,2172.9
2482.96,0,2173.35
2483.15,0,2173.8
2483.33,0,2174.26
2483.51,0,2174.71
2483.7,0,2175.17
2483.88,0,2175.63
2484.06,0,2176.09
2484.24,0,2176.55
2484.42,0,2177.02
2484.6,0,2177.49
2484.78,0,2177.95
2484.96,0,2178.42
2485.14,0,2178.89
2485.32,0,2179.37
2485.49,0,2179.84
2485.67,0,2180.32
2485.85,0,2180.79
2486.02,0,2181.27
2486.19,0,2181.75
2486.37,0,2182.24
2486.54,0,2182.72
2486.71,0,2183.2
2486.89,0,2183.69
2487.06,0,2184.18
2487.23,0,2184.67
2487.4,0,2185.16
2487.57,0,2185.66
2487.74,0,2186.15
2487.91,0,2186.65
2488.07,0,2187.15
2488.24,0,2187.65
2488.41,0,2188.15
2488.57,0,2188.65
2488.74,0,2189.16
2488.9,0,2189.66
2489.07,0,2190.17
2489.23,0,2190.68
2489.4,0,2191.19
2489.56,0,2191.71
2489.72,0,2192.22
2489.88,0,2192.74
2490.05,0,2193.26
2490.21,0,2193.78
2490.37,0,2194.3
2490.53,0,2194.82
2490.69,0,2195.35
2490.85,0,2195.87
2491,0,2196.4
2491.16,0,2196.93
2491.32,0,2197.46
2491.48,0,2197.99
2491.63,0,2198.53
2491.79,0,2199.06
2491.94,0,2199.6
2492.1,0,2200.14
2492.25,0,2200.68
2492.41,0,2201.23
2492.56,0,2201.77
2492.71,0,2202.32
2492.87,0,2202.86
2493.02,0,2203.41
2493.17,0,2203.97
2493.32,0,2204.52
2493.47,0,2205.07
2493.62,0,2205.63
2493.77,0,2206.19
2493.92,0,2206.75
2494.07,0,2207.31
2494.22,0,2207.87
2494.37,0,2208.43
2494.52,0,2209
2494.67,0,2209.57
2494.81,0,2210.14
2494.96,0,2210.71
2495.11,0,2211.28
2495.25,0,2211.86
2495.4,0,2212.43
2495.54,0,2213.01
2495.69,0,2213.59
2495.83,0,2214.17
2495.98,0,2214.76
2496.12,0,2215.34
2496.26,0,2215.93
2496.41,0,2216.51
2496.55,0,2217.1
2496.69,0,2217.7
2496.83,0,2218.29
2496.97,0,2218.88
2497.11,0,2219.48
2497.26,0,2220.08
2497.4,0,2220.68
2497.54,0,2221.28
2497.68,0,2221.88
2497.82,0,2222.49
2497.95,0,2223.09
2498.09,0,2223.7
2498.23,0,2224.31
2498.37,0,2224.92
2498.51,0,2225.54
2498.65,0,2226.15
2498.78,0,2226.77
2498.92,0,2227.39
2499.06,0,2228.01
2499.19,0,2228.63
2499.33,0,2229.25
2499.46,0,2229.88
2499.6,0,2230.51
2499.74,0,2231.13
2499.87,0,2231.77
2500.01,0,2232.4
2500.14,0,2233.03
2500.27,0,2233.67
2500.41,0,2234.3
2500.54,0,2234.94
2500.68,0,2235.58
2500.81,0,2236.23
2500.94,0,2236.87
2501.07,0,2237.52
2501.21,0,2238.16
2501.34,0,2238.81
2501.47,0,2239.46
2501.6,0,2240.12
2501.73,0,2240.77
2501.87,0,2241.43
2502,0,2242.08
2502.13,0,2242.74
2502.26,0,2243.4
2502.39,0,2244.07
2502.52,0,2244.73
2502.65,0,2245.4
2502.78,0,2246.07
2502.91,0,2246.74
2503.04,0,2247.41
2503.17,0,2248.08
2503.3,0,2248.75
2503.43,0,2249.43
2503.56,0,2250.11
2503.69,0,2250.79
2503.82,0,2251.47
2503.94,0,2252.15
2504.07,0,2252.84
2504.2,0,2253.53
2504.33,0,2254.21
2504.46,0,2254.91
2504.58,0,2255.6
2504.71,0,2256.29
2504.84,0,2256.99
2504.97,0,2257.68
2505.09,0,2258.38
2505.22,0,2259.08
2505.35,0,2259.79
2505.48,0,2260.49
2505.6,0,2261.2
2505.73,0,2261.9
2505.86,0,2262.61
2505.98,0,2263.32
2506.11,0,2264.04
2506.24,0,2264.75
2506.36,0,2265.47
2506.49,0,2266.18
2506.62,0,2266.9
2506.74,0,2267.62
2506.87,0,2268.35
2506.99,0,2269.07
2507.12,0,2269.8
2507.25,0,2270.53
2507.37,0,2271.26
2507.5,0,2271.99
2507.62,0,2272.72
2507.75,0,2273.46
2507.88,0,2274.19
2508,0,2274.93
2508.13,0,2275.67
2508.25,0,2276.41
2508.38,0,2277.16
2508.5,0,2277.9
2508.63,0,2278.65
2508.76,0,2279.4
2508.88,0,2280.15
2509.01,0,2280.9
2509.13,0,2281.65
2509.26,0,2282.41
2509.38,0,2283.17
2509.51,0,2283.93
2509.64,0,2284.69
2509.76,0,2285.45
2509.89,0,2286.21
2510.01,0,2286.98
2510.14,0,2287.75
2510.27,0,2288.52
2510.39,0,2289.29
2510.52,0,2290.06
2510.64,0,2290.84
2510.77,0,2291.61
2510.9,0,2292.39
2511.02,0,2293.17
2511.15,0,2293.95
2511.27,0,2294.74
2511.4,0,2295.52
2511.53,0,2296.31
2511.65,0,2297.1
2511.78,0,2297.89
2511.91,0,2298.68
2512.03,0,2299.47
2512.16,0,2300.27
2512.29,0,2301.06
2512.42,0,2301.86
2512.54,0,2302.66
2512.67,0,2303.47
2512.8,0,2304.27
2512.93,0,2305.07
2513.05,0,2305.88
2513.18,0,2306.69
2513.31,0,2307.5
2513.44,0,2308.31
2513.57,0,2309.13
2513.7,0,2309.94
2513.82,0,2310.76
2513.95,0,2311.58
2514.08,0,2312.4
2514.21,0,2313.23
2514.34,0,2314.05
2514.47,0,2314.88
2514.6,0,2315.7
2514.73,0,2316.53
2514.86,0,2317.36
2514.99,0,2318.2
2515.12,0,2319.03
2515.25,0,2319.87
2515.38,0,2320.71
2515.51,0,2321.55
2515.64,0,2322.39
2515.78,0,2323.23
2515.91,0,2324.08
2516.04,0,2324.92
2516.17,0,2325.77
2516.3,0,2326.62
2516.44,0,2327.47
2516.57,0,2328.33
2516.7,0,2329.18
2516.83,0,2330.04
2516.97,0,2330.9
2517.1,0,2331.76
2517.24,0,2332.62
2517.37,0,2333.49
2517.5,0,2334.35
2517.64,0,2335.22
2517.77,0,2336.09
2517.91,0,2336.96
2518.04,0,2337.83
2518.18,0,2338.7
2518.32,0,2339.58
2518.45,0,2340.46
2518.59,0,2341.34
2518.73,0,2342.22
2518.86,0,2343.1
2519,0,2343.98
2519.14,0,2344.87
2519.28,0,2345.76
2519.42,0,2346.65
2519.55,0,2347.54
2519.69,0,2348.43
2519.83,0,2349.33
2519.97,0,2350.22
2520.11,0,2351.12
2520.25,0,2352.02
2520.39,0,2352.92
2520.53,0,2353.82
2520.68,0,2354.73
2520.82,0,2355.63
2520.96,0,2356.54
2521.1,0,2357.45
2521.25,0,2358.36
2521.39,0,2359.27
2521.53,0,2360.19
2521.68,0,2361.11
2521.82,0,2362.02
2521.97,0,2362.94
2522.11,0,2363.86
2522.26,0,2364.79
2522.4,0,2365.71
2522.55,0,2366.64
2522.69,0,2367.57
2522.84,0,2368.5
2522.99,0,2369.43
2523.14,0,2370.36
2523.29,0,2371.3
2523.43,0,2372.23
2523.58,0,2373.17
2523.73,0,2374.11
2523.88,0,2375.05
2524.03,0,2376
2524.18,0,2376.94
2524.33,0,2377.89
2524.49,0,2378.83
2524.64,0,2379.78
2524.79,0,2380.74
2524.94,0,2381.69
2525.1,0,2382.64
2525.25,0,2383.6
2525.41,0,2384.56
2525.56,0,2385.52
2525.72,0,2386.48
2525.87,0,2387.44
2526.03,0,2388.41
2526.19,0,2389.37
2526.34,0,2390.34
2526.5,0,2391.31
2526.66,0,2392.28
2526.82,0,2393.26
2526.98,0,2394.23
2527.14,0,2395.21
2527.3,0,2396.18
2527.46,0,2397.16
2527.62,0,2398.15
2527.78,0,2399.13
2527.94,0,2400.11
2528.11,0,2401.1
2528.27,0,2402.09
2528.43,0,2403.08
2528.6,0,2404.07
2528.76,0,2405.06
2528.93,0,2406.05
2529.1,0,2407.05
2529.26,0,2408.05
2529.43,0,2409.05
2529.6,0,2410.05
2529.77,0,2411.05
2529.93,0,2412.05
2530.1,0,2413.06
2530.27,0,2414.07
2530.44,0,2415.08
2530.62,0,2416.09
2530.79,0,2417.1
2530.96,0,2418.11
2531.13,0,2419.13
2531.31,0,2420.15
2531.48,0,2421.16
2531.66,0,2422.18
2531.83,0,2423.21
2532.01,0,2424.23
2532.18,0,2425.26
2532.36,0,2426.28
2532.54,0,2427.31
2532.72,0,2428.34
2532.9,0,2429.37
2533.08,0,2430.4
2533.26,0,2431.44
2533.44,0,2432.48
2533.62,0,2433.51
2533.8,0,2434.55
2533.99,0,2435.59
2534.17,0,2436.64
2534.35,0,2437.68
2534.54,0,2438.73
2534.72,0,2439.78
2534.91,0,2440.82
2535.1,0,2441.87
2535.29,0,2442.93
2535.47,0,2443.98
2535.66,0,2445.04
2535.85,0,2446.09
2536.04,0,2447.15
2536.23,0,2448.21
2536.43,0,2449.27
2536.62,0,2450.34
2536.81,0,2451.4
2537.01,0,2452.47
2537.2,0,2453.54
2537.4,0,2454.61
2537.59,0,2455.68
2537.79,0,2456.75
2537.99,0,2457.82
2538.18,0,2458.9
2538.38,0,2459.98
2538.58,0,2461.06
2538.78,0,2462.14
2538.98,0,2463.22
2539.19,0,2464.3
2539.39,0,2465.39
2539.59,0,2466.48
2539.8,0,2467.56
2540,0,2468.65
2540.21,0,2469.74
2540.41,0,2470.84
2540.62,0,2471.93
2540.83,0,2473.03
2541.04,0,2474.13
2541.25,0,2475.22
2541.46,0,2476.33
2541.67,0,2477.43
2541.88,0,2478.53
2542.09,0,2479.64
2542.31,0,2480.74
2542.52,0,2481.85
2542.74,0,2482.96
2542.95,0,2484.07
2543.17,0,2485.19
2543.39,0,2486.3
2543.61,0,2487.42
2543.83,0,2488.53
2544.05,0,2489.65
2544.27,0,2490.77
2544.49,0,2491.89
2544.71,0,2493.02
2544.93,0,2494.14
2545.16,0,2495.27
2545.38,0,2496.4
2545.61,0,2497.53
2545.84,0,2498.66
2546.06,0,2499.79
2546.29,0,2500.92
2546.52,0,2502.06
2546.75,0,2503.2
2546.98,0,2504.33
2547.21,0,2505.47
2547.45,0,2506.62
2547.68,0,2507.76
2547.92,0,2508.9
2548.15,0,2510.05
2548.39,0,2511.2
2548.62,0,2512.34
2548.86,0,2513.49
2549.1,0,2514.65
2549.34,0,2515.8
2549.58,0,2516.95
2549.82,0,2518.11
2550.07,0,2519.27
2550.31,0,2520.43
2550.56,0,2521.59
2550.8,0,2522.75
2551.05,0,2523.91
2551.29,0,2525.08
2551.54,0,2526.24
2551.79,0,2527.41
2552.04,0,2528.58
2552.29,0,2529.75
2552.55,0,2530.92
2552.8,0,2532.1
2553.05,0,2533.27
2553.31,0,2534.45
2553.56,0,2535.63
2553.82,0,2536.8
2554.08,0,2537.98
2554.34,0,2539.17
2554.6,0,2540.35
2554.86,0,2541.54
2555.12,0,2542.72
2555.38,0,2543.91
2555.64,0,2545.1
2555.91,0,2546.29
2556.17,0,2547.48
2556.44,0,2548.67
2556.71,0,2549.87
2556.98,0,2551.07
2557.25,0,2552.26
2557.52,0,2553.46
2557.79,0,2554.66
2558.06,0,2555.86
2558.33,0,2557.07
2558.61,0,2558.27
2558.89,0,2559.48
2559.16,0,2560.69
2559.44,0,2561.89
2559.72,0,2563.1
2560,0,2564.32
2560.28,0,2565.53
2560.56,0,2566.74
2560.84,0,2567.96
2561.13,0,2569.18
2561.41,0,2570.39
2561.7,0,2571.61
2561.99,0,2572.83
2562.27,0,2574.06
2562.56,0,2575.28
2562.85,0,2576.51
2563.14,0,2577.73
2563.44,0,2578.96
2563.73,0,2580.19
2564.02,0,2581.42
2564.32,0,2582.65
2564.62,0,2583.89
2564.91,0,2585.12
2565.21,0,2586.36
2565.51,0,2587.59
2565.81,0,2588.83
2566.12,0,2590.07
2566.42,0,2591.31
2566.72,0,2592.56
2567.03,0,2593.8
2567.34,0,2595.04
2567.64,0,2596.29
2567.95,0,2597.54
2568.26,0,2598.79
2568.57,0,2600.04
2568.89,0,2601.29
2569.2,0,2602.54
2569.51,0,2603.8
2569.83,0,2605.05
2570.15,0,2606.31
2570.46,0,2607.57
2570.78,0,2608.83
2571.1,0,2610.09
2571.42,0,2611.35
2571.75,0,2612.61
2572.07,0,2613.88
2572.39,0,2615.15
2572.72,0,2616.41
2573.05,0,2617.68
2573.38,0,2618.95
2573.7,0,2620.22
2574.04,0,2621.49
2574.37,0,2622.77
2574.7,0,2624.04
2575.03,0,2625.32
2575.37,0,2626.6
2575.71,0,2627.87
2576.04,0,2629.15
2576.38,0,2630.44
2576.72,0,2631.72
2577.06,0,2633
2577.41,0,2634.29
2577.75,0,2635.57
2578.09,0,2636.86
2578.44,0,2638.15
